"NBa7we src","d4r55","RfnDt","eaLgGf","hCCjke","rsqaWe","wiI7pd","fontBodySmall","fontBodySmall 2","kyuRq","dSlJg","dSlJg 2","znYl0 2"
"https://lh3.googleusercontent.com/a-/ALV-UjUcxyyMnBCetrU-cNmL_HH7ab9Vh5HW3XvdK3HTXVsNoPBSkqdIvg=w72-h72-p-rp-mo-ba3-br100","Alex Setyadi","Local Guide ¬∑ 39 reviews ¬∑ 14 photos","Óóî","Ó†∏","9 months ago","It has been around for more than 50 years, A accreditation and excellence is very worthy of studying law here.","Translated by Google","„Éª","See original (Indonesian)","Ó£ú","Ó†ç","Share"
"https://lh3.googleusercontent.com/a-/ALV-UjWwZ1KS6ohx0swYJu_lbXsCO2-cgEx2kRKSIjG-oOFXqg_nK_En=w72-h72-p-rp-mo-ba5-br100","Abdul Wahab","Local Guide ¬∑ 127 reviews ¬∑ 961 photos","Óóî","Ó†∏","6 years ago","The UKSW Law Faculty is in building F which is located next to the UKSW field.","Translated by Google","„Éª","See original (Indonesian)","Ó£ú","Ó†ç",""
"https://lh3.googleusercontent.com/a-/ALV-UjW7n5U1d48HxJvJFbjM-4HGebGxaDGl3s_o8dAgiq2LFWMEWTg=w72-h72-p-rp-mo-ba2-br100","Freidelino De Sousa","Local Guide ¬∑ 18 reviews ¬∑ 2 photos","Óóî","Ó†∏","2 years ago","Has good lecture buildings and facilities. Apart from that, UKSW FH also has highly qualified teaching staff. UKSW FH has more than 50 years of experience in running higher legal education. Currently accredited A and on its way to Excellent.","Translated by Google","„Éª","See original (Indonesian)","Ó£ú","Ó†ç","Share"
"https://lh3.googleusercontent.com/a-/ALV-UjUy6BjWN1xTI7jmLIEKauvOyTeVCIfzyB-HKGvhUckPuI47MJo=w72-h72-p-rp-mo-ba4-br100","Yahya Sholahudin","Local Guide ¬∑ 85 reviews ¬∑ 419 photos","Óóî","Ó†∏","6 years ago","The place is a center for legal studies","Translated by Google","„Éª","See original (Indonesian)","Ó£ú","Ó†ç","Like"
"https://lh3.googleusercontent.com/a-/ALV-UjUy8E9iT0vgL_H7_Cpg8P9Y5ntzqZTNt0JJo1Yo8U9NI_YWx0EI=w72-h72-p-rp-mo-ba4-br100","Your Mind","Local Guide ¬∑ 112 reviews ¬∑ 33 photos","Óóî","Ó†∏","2 years ago","great, good
I didn't disappoint at all at FH UKSW
UKSW is the UKSW law faculty","Translated by Google","„Éª","See original (Indonesian)","Ó£ú","Ó†ç","Share"
"https://lh3.googleusercontent.com/a-/ALV-UjWdbxjcr08Pyi3QjJqRS-VKD54gXTQsQVSIpOOns-Z56n3hPAI=w72-h72-p-rp-mo-ba6-br100","Dian Meitiash","Local Guide ¬∑ 238 reviews ¬∑ 1,681 photos","Óóî","Ó†∏","7 years ago","UKSW Satya Wacana Christian University law faculty","Translated by Google","„Éª","See original (Indonesian)","Ó£ú","Ó†ç","Share"
"https://lh3.googleusercontent.com/a/ACg8ocLkfKU7k5nPaqrMlKA4GQuBd6iSAksKd1ERWq8tjP4WVX5KYg=w72-h72-p-rp-mo-br100","Ayu Niken Pratiwi","8 reviews ¬∑ 6 photos","Óóî","Ó†∏","3 years ago","A suitable place to study","Translated by Google","„Éª","See original (Indonesian)","Ó£ú","Ó†ç","Share"
"https://lh3.googleusercontent.com/a-/ALV-UjUG9172mEcIdCGbjm890OKaJQNT5Vir4VFvbF6MsvlwXpnNuRfY=w72-h72-p-rp-mo-ba2-br100","Juan Fridz","Local Guide ¬∑ 11 reviews ¬∑ 2 photos","Óóî","Ó†∏","2 years ago","Neat, safe, clean toilets","Translated by Google","„Éª","See original (Indonesian)","Ó£ú","Ó†ç","Share"
"https://lh3.googleusercontent.com/a-/ALV-UjW77hubii-JecidU_1-wIjlG7xq-IwAD84yiACGVcI-U8LXO3k0=w72-h72-p-rp-mo-br100","WILZON BATKORMBAWA","2 reviews","Óóî","Ó†∏","3 years ago","Very quiet and comfortableü•∞ ‚Ä¶","Translated by Google","„Éª","See original (Indonesian)","Ó£ú","Ó†ç","Share"
"https://lh3.googleusercontent.com/a-/ALV-UjU-3Q48aGWeiD2Xisen6PlC0qGVU4pmmx2O4LO5vobTrP2KJAH6KQ=w72-h72-p-rp-mo-ba3-br100","haywioo","Local Guide ¬∑ 40 reviews ¬∑ 15 photos","Óóî","Ó†∏","4 years ago","","","","","","",""
"","","","","","","","","","","","",""
"","","","","","","","","","","","",""
"","","","","","","","","","","","",""
"https://lh3.googleusercontent.com/a-/ALV-UjVMJoYUkS1nxTLdGiq-rCgYwkvjQjJ_AuGyGTIfJyFT32UHXK4Y=w72-h72-p-rp-mo-br100","Javier Gulo","2 reviews","Óóî","Ó†∏","4 years ago","Fairness and quality","Translated by Google","„Éª","See original (Indonesian)","Ó£ú","Ó†ç","Share"
"https://lh3.googleusercontent.com/a/ACg8ocJWjpIEhr6mo-GqeTYlIyXM_D5P7i8FtB1bLktdG1jO3l5-mw=w72-h72-p-rp-mo-ba2-br100","Pdt. Yohanis Paranta","Local Guide ¬∑ 3 reviews ¬∑ 61 photos","Óóî","Ó†∏","11 months ago","","","","","","",""
"https://lh3.googleusercontent.com/a-/ALV-UjXWxo3UOaTD5rIsPjfj8TD31KOoRlywMAlnC1ZlnAMvPyiaOUYeKA=w72-h72-p-rp-mo-ba3-br100","Stevanus Andrian Dewangga","Local Guide ¬∑ 13 reviews ¬∑ 8 photos","Óóî","Ó†∏","2 years ago","","","","","","",""
"https://lh3.googleusercontent.com/a-/ALV-UjWv-iW7VxZNo1ekm-NooJ7u9iWE-DC1EV1IK0L0N96fWOInLBoL=w72-h72-p-rp-mo-br100","GoTadashi","1 review","Óóî","Ó†∏","2 years ago","","","","","","",""
"https://lh3.googleusercontent.com/a-/ALV-UjUUOo6NddovguniBGyFQg8vm-RDzOgF4dNqS_hUcKZ9tbvTaIU=w72-h72-p-rp-mo-br100","Dwi Indah","1 review ¬∑ 7 photos","Óóî","Ó†∏","2 years ago","","","","","","",""
"https://lh3.googleusercontent.com/a-/ALV-UjVwXotpGNjVCn01_k8XRttzpx87aE41N_6R-QfNpaWxkdC_WOY=w72-h72-p-rp-mo-br100","Deva Rafi","1 review","Óóî","Ó†∏","2 years ago","","","","","","",""
"https://lh3.googleusercontent.com/a-/ALV-UjXTNHjsTP2fQRFysLyJZdkGzDn2tkUxIR0ErTDOUE7y7ixY-K2r=w72-h72-p-rp-mo-br100","Melany Henuk","","Óóî","Ó†∏","2 years ago","","","","","","",""
"https://lh3.googleusercontent.com/a/ACg8ocLKJGL4s-GqdkuMFT_orJ5oXQAPeeeQeVvBVEK5sgep0nxNXQ=w72-h72-p-rp-mo-br100","Nikolas Anamofa","1 review","Óóî","Ó†∏","2 years ago","","","","","","",""
"https://lh3.googleusercontent.com/a-/ALV-UjVrscgafi9lF-MkTPz6NRMV5Clux3v-1RuqMV_JeBBqLcbZ4Lp4=w72-h72-p-rp-mo-ba3-br100","dyah prananingrum","Local Guide ¬∑ 11 reviews ¬∑ 7 photos","Óóî","Ó†∏","2 years ago","","","","","","",""
"https://lh3.googleusercontent.com/a-/ALV-UjXyr6wuu4QyXRRlxtKvlqUklSpX0ezSJJL8OhNg9v7iTNqNOJRC=w72-h72-p-rp-mo-br100","ice bear","","Óóî","Ó†∏","2 years ago","","","","","","",""
"https://lh3.googleusercontent.com/a-/ALV-UjUjWztNNJeqN7tUVxJUcexXJXQ1WvHZZ7CIOLmr3mHCKeBBw6Fq=w72-h72-p-rp-mo-ba3-br100","Maulina N.O","Local Guide ¬∑ 30 reviews ¬∑ 17 photos","Óóî","Ó†∏","2 years ago","","","","","","",""
"https://lh3.googleusercontent.com/a/ACg8ocK14T_zrTMr59vtqYBrySYLoVYmi5T371yG-gDi9wSMXN7kyg=w72-h72-p-rp-mo-br100","Okta Herlina","","Óóî","Ó†∏","2 years ago","","","","","","",""
"https://lh3.googleusercontent.com/a-/ALV-UjUHFzWksnYgGkIfoyfT7EYgG-_vTyA1MvBFNvv6ggGZQ-r8KSC_=w72-h72-p-rp-mo-br100","nadya kezz","1 photo","Óóî","Ó†∏","2 years ago","","","","","","",""
"https://lh3.googleusercontent.com/a-/ALV-UjVNnjKuSZvh4F3qBRChUWWdrfuTtDeMxgkGcBXBP1neuJWiGs6a=w72-h72-p-rp-mo-br100","Dimas Purnama Adi Wicaksono","11 reviews ¬∑ 1 photo","Óóî","Ó†∏","2 years ago","","","","","","",""
"https://lh3.googleusercontent.com/a/ACg8ocIj0cxb0rbTntAzGVq5jAU-IXul7wHIU-YkR0IsXUHmUccSqhk=w72-h72-p-rp-mo-br100","Endang Ome","","Óóî","Ó†∏","2 years ago","","","","","","",""
"https://lh3.googleusercontent.com/a-/ALV-UjUwerYzu5-nQCOwFFPB2Ejbvj6PSClwxy0c1K-GdaQrjHGK6Fs=w72-h72-p-rp-mo-ba3-br100","jacky setiawan","Local Guide","Óóî","Ó†∏","2 years ago","","","","","","",""
"https://lh3.googleusercontent.com/a-/ALV-UjV8g9l1FQIhQ4mTdspSIAw98Oc9p6Wig8tTm3CTkc9Itm_4Z-NI=w72-h72-p-rp-mo-ba4-br100","Yeremia Alfa Susetyo","Local Guide ¬∑ 1 review ¬∑ 257 photos","Óóî","Ó†∏","2 years ago","","","","","","",""
"https://lh3.googleusercontent.com/a-/ALV-UjWPfrlE5P98OUTrAcmmxmXht5yzkTWYcHCcZpShlqNoc2tf_JZC=w72-h72-p-rp-mo-br100","Anindita Senaputri","2 reviews","Óóî","Ó†∏","3 years ago","","","","","","",""
"https://lh3.googleusercontent.com/a-/ALV-UjUoH83YXD87kDGqcIljyyNkUe8xlifHN1p6koCtewblHYAdA1ZXIA=w72-h72-p-rp-mo-ba3-br100","SURYA","Local Guide ¬∑ 34 reviews ¬∑ 21 photos","Óóî","Ó†∏","3 years ago","","","","","","",""
"https://lh3.googleusercontent.com/a-/ALV-UjU9F3YTsza-mCmPXn_-nLhCp5wU88m20Q8RqMNbrb7GYRBxaa6t=w72-h72-p-rp-mo-br100","Indriati Novita","1 review ¬∑ 2 photos","Óóî","Ó†∏","3 years ago","","","","","","",""
"https://lh3.googleusercontent.com/a-/ALV-UjWmxEAX6ZyV102JtQCYFP7jMATymLw8iBsxfv_Nom9NIcJum-8FPA=w72-h72-p-rp-mo-ba3-br100","Vensarina","Local Guide ¬∑ 19 reviews ¬∑ 11 photos","Óóî","Ó†∏","3 years ago","","","","","","",""
"https://lh3.googleusercontent.com/a-/ALV-UjUxMDX8OD4pXAPU1lc5c5n38jiJxPe1zKXcKFivrYMmE3fLFJ8=w72-h72-p-rp-mo-ba5-br100","Paulus dwi hananto","Local Guide ¬∑ 91 reviews ¬∑ 82 photos","Óóî","Ó†∏","4 years ago","","","","","","",""
"https://lh3.googleusercontent.com/a/ACg8ocJHCY8GwEEags-zKwTT6GQ12wh7WBnxFqghCwEnqtmmb98y7Q=w72-h72-p-rp-mo-br100","Bryan Aep","1 review","Óóî","Ó†∏","4 years ago","","","","","","",""
"https://lh3.googleusercontent.com/a-/ALV-UjWoLYJVh6Cs9k-8T6JR05SWdSUY2JMvSSxOy_nk67PZDFTjyTPz=w72-h72-p-rp-mo-br100","Erick Kurniawan Panginja","1 review","Óóî","Ó†∏","4 years ago","","","","","","",""
"https://lh3.googleusercontent.com/a-/ALV-UjVrJszya3fC6YafxeseBREtO729e5TJx69XyWCQ_QwPHp7cIpAe=w72-h72-p-rp-mo-ba3-br100","Ignatius Nova","Local Guide ¬∑ 11 reviews ¬∑ 50 photos","Óóî","Ó†∏","4 years ago","","","","","","",""
"https://lh3.googleusercontent.com/a-/ALV-UjXbIMzhiVmadIf8SPYZG-3TsOYmDMzedlDfdMt3heYgsUG1dIQk=w72-h72-p-rp-mo-br100","Muhamad IkhsanTB","1 review","Óóî","Ó†∏","4 years ago","","","","","","",""
"https://lh3.googleusercontent.com/a-/ALV-UjWRvERBVscuY908dnbC6NAZI3aBSVp78hRgdzD-V9LjBbyqc-6l=w72-h72-p-rp-mo-br100","Erick Kurniawan Panginja","1 review ¬∑ 1 photo","Óóî","Ó†∏","4 years ago","","","","","","",""
"https://lh3.googleusercontent.com/a/ACg8ocLQFYw4L6dzcjAuGPXaKl00iQNtpGnPq4JMKAVTCDuu2r700A=w72-h72-p-rp-mo-br100","karya sebayang","","Óóî","Ó†∏","5 years ago","","","","","","",""