"NBa7we src","d4r55","RfnDt","eaLgGf","hCCjke","rsqaWe","wiI7pd","dSlJg","dSlJg 2","znYl0","znYl0 2","fontBodySmall","fontBodySmall 2","kyuRq"
"https://lh3.googleusercontent.com/a-/ALV-UjUqcFRaDCRnrLt2Hke3UO4vzfTsWHgPmo_AJ7Y-erG6QOM_Qzd0=w72-h72-p-rp-mo-ba3-br100","Devia Merary W","Local Guide ¬∑ 33 reviews ¬∑ 102 photos","Óóî","Ó†∏","6 years ago","Technological Information of UKSW is one of the favorite faculties in UKSW Salatiga.  FTI building consists of 6 floors located in UKSW Campus 3. The building is very grand, beautiful and large. The scenery is very beautiful, no wonder FTI is the favorite faculty.","Ó£ú","Ó†ç","Share","","","",""
"https://lh3.googleusercontent.com/a-/ALV-UjVT0UoeodHVcRRwglEBy0O9MInuDPgr6xTjLSsw2M1KEHS2uMpG=w72-h72-p-rp-mo-ba3-br100","BayuÂ∑¥‰ΩëÂæ∑","Local Guide ¬∑ 4 reviews ¬∑ 61 photos","Óóî","Ó†∏","3 weeks ago","best place for learning~","Ó£ú","Ó†ç","Like","Share","","",""
"https://lh3.googleusercontent.com/a-/ALV-UjUFMuoQqdVVPhE3G8xO2eSKWjyImgEMMXI6ekWLXMunjrrp23cy=w72-h72-p-rp-mo-ba4-br100","Yuhono Indra Pitarto","Local Guide ¬∑ 120 reviews ¬∑ 54 photos","Óóî","Ó†∏","5 years ago","Good place but far away from city","Ó£ú","Ó†ç","Like","Share","","",""
"https://lh3.googleusercontent.com/a-/ALV-UjXha_ZH3ueqL1t8Vd-TIkYzQya85ze81PsDDPTZqSN3Br2LPryd1g=w72-h72-p-rp-mo-ba3-br100","yaws erbe","Local Guide ¬∑ 17 reviews ¬∑ 64 photos","Óóî","Ó†∏","6 years ago","cool place, great view, nice building","Ó£ú","Ó†ç","Like","Share","","",""
"https://lh3.googleusercontent.com/a-/ALV-UjUFp3m-ApFxOi2MxvKMB85ltgOsD89xZZfu4BlGyqdx7gHpIESsLw=w72-h72-p-rp-mo-ba2-br100","dytra","Local Guide ¬∑ 9 reviews ¬∑ 10 photos","Óóî","Ó†∏","7 years ago","the best IT based university in Indonesia!","Ó£ú","Ó†ç","Like","Share","","",""
"https://lh3.googleusercontent.com/a-/ALV-UjX7xdzdwOfxLteoZIaatQaydctkACVC2Y_6ogPHD2hrGdfsen08=w72-h72-p-rp-mo-br100","Antsa Antsa notiavina","6 reviews ¬∑ 2 photos","Óóî","Ó†∏","9 months ago","This is a good university!!","Ó£ú","Ó†ç","Like","Share","","",""
"https://lh3.googleusercontent.com/a/ACg8ocI98QUAk7ytp6IKWTWg7h4RuEPNwuSyPXEHdgJrKpTZOUm9FA=w72-h72-p-rp-mo-br100","Ari Palgunadi","4 reviews ¬∑ 17 photos","Óóî","Ó†∏","4 years ago","Nice campus, nice view","Ó£ú","Ó†ç","Like","Share","","",""
"https://lh3.googleusercontent.com/a-/ALV-UjUZQtKxiPLRjzISN13-KPV2JNFOMjhOui9uCjharfE9GEB0Q2tX=w72-h72-p-rp-mo-ba3-br100","Muhammad Nur Aziz","Local Guide ¬∑ 4 reviews ¬∑ 25 photos","Óóî","Ó†∏","7 years ago","Nice view","Ó£ú","Ó†ç","Like","Share","","",""
"https://lh3.googleusercontent.com/a-/ALV-UjXKw-0jdEhxnJWC5xpN_nh769q0CY9PS5PCILMP4gE-iEenXBm0=w72-h72-p-rp-mo-ba2-br100","Welianus MraMra","Local Guide ¬∑ 16 reviews ¬∑ 36 photos","Óóî","Ó†∏","5 years ago","Nicee","Ó£ú","Ó†ç","Like","Share","","",""
"https://lh3.googleusercontent.com/a-/ALV-UjXDQHs7u9ZeEejIJEzz08uCiTT-svpYvnaZL5bWIuGsb7K6aSIx_g=w72-h72-p-rp-mo-ba6-br100","Ignatius Handoko","Local Guide ¬∑ 662 reviews ¬∑ 1,775 photos","Óóî","Ó†∏","2 months ago","The building is cool. Modern lecture hall. The acoustics of the auditorium are also good. Clean toilets. Location on top of the hill. There doesn't seem to be any access to public transportation.","Ó£ú","Ó†ç","Share","Like","Translated by Google","„Éª","See original (Indonesian)"
"","","","","","","","","","","","","",""
"","","","","","","","","","","","","",""
"","","","","","","","","","","","","",""
"","","","","","","","","","","","","",""
"","","","","","","","","","","","","",""
"","","","","","","","","","","","","",""
"","","","","","","","","","","","","",""
"","","","","","","","","","","","","",""
"","","","","","","","","","","","","",""
"","","","","","","","","","","","","",""
"","","","","","","","","","","","","",""
"","","","","","","","","","","","","",""
"","","","","","","","","","","","","",""
"","","","","","","","","","","","","",""
"","","","","","","","","","","","","",""
"https://lh3.googleusercontent.com/a-/ALV-UjUhToxB4hWtiFURrOb1fpk9ToReIfHjoRl4C_b-x0QtNlAF3bI=w72-h72-p-rp-mo-ba5-br100","Galeri Anak Kampung","Local Guide ¬∑ 131 reviews ¬∑ 935 photos","Óóî","Ó†∏","a year ago","The campus is spacious, lots of motorbike parking, there is a stop for the UKSW bus. ‚Ä¶","Ó£ú","Ó†ç","Share","","Translated by Google","„Éª","See original (Indonesian)"
"https://lh3.googleusercontent.com/a-/ALV-UjVdifEWImYa6gu6Io2vmOYjcdExRBcl0Wz4HtRfPqVTdpQEbRyPEw=w72-h72-p-rp-mo-ba4-br100","Adrianus Wrehaspati","Local Guide ¬∑ 72 reviews ¬∑ 244 photos","Óóî","Ó†∏","6 years ago","a place for daily classes, the view is really good, maybe it is the campus with the best view in Salatiga üòÇ ‚Ä¶","Ó£ú","Ó†ç","Share","","Translated by Google","„Éª","See original (Indonesian)"
"https://lh3.googleusercontent.com/a-/ALV-UjWFc_MOPgkLt8RYBOsu8rUEto9jVyiXJZ-iUYYhGzW9hSOFFSim=w72-h72-p-rp-mo-ba3-br100","chonny andree","Local Guide ¬∑ 36 reviews ¬∑ 9 photos","Óóî","Ó†∏","2 years ago","A campus that is comfortable for studying, views that are soothing to the eyes, and access that cannot yet be reached by public transportation....","Ó£ú","Ó†ç","Share","","Translated by Google","„Éª","See original (Indonesian)"
"https://lh3.googleusercontent.com/a-/ALV-UjW2-1XwaFphK6tDxG2vPxFX4h6Quq2NAvGYkKWAGNbs9AXXXOcO=w72-h72-p-rp-mo-ba5-br100","Purwanti Asih Anna Levi","Local Guide ¬∑ 349 reviews ¬∑ 10 photos","Óóî","Ó†∏","5 months ago","I've been here several times by campus bus...the view is very beautiful...","Ó£ú","Ó†ç","Like","Share","Translated by Google","„Éª","See original (Indonesian)"
"https://lh3.googleusercontent.com/a-/ALV-UjVfBxt35hnmoou3-GhrjQDbE5h6OCKlhOsHTvbmZqL3JGREk3Z9=w72-h72-p-rp-mo-ba3-br100","RUTH STEPHEN Jenever","Local Guide ¬∑ 55 reviews ¬∑ 17 photos","Óóî","Ó†∏","7 years ago","The coolest campus is the coolest campus, this is the UKSW FTI campus, mangkehh üëåüëå ‚Ä¶","Ó£ú","Ó†ç","Share","","Translated by Google","„Éª","See original (Indonesian)"
"https://lh3.googleusercontent.com/a-/ALV-UjV2hunUC6VjuPu4PVvAt7sQJuI2c3kzoizKU7BuVhRi7YSaLNf9Zg=w72-h72-p-rp-mo-ba5-br100","Susanto Mr","Local Guide ¬∑ 78 reviews ¬∑ 838 photos","Óóî","Ó†∏","4 years ago","The building is nice... clean and comfortable","Ó£ú","Ó†ç","Share","Like","Translated by Google","„Éª","See original (Indonesian)"
"https://lh3.googleusercontent.com/a-/ALV-UjWk5l5T4rq-kg0D1uodJ2FC7O3RCIlurTpVNFfb2FOyNbxlmaxX=w72-h72-p-rp-mo-ba3-br100","Natanael Bryan","Local Guide ¬∑ 11 reviews ¬∑ 20 photos","Óóî","Ó†∏","2 years ago","The FTI campus has cool and cool air because it is located in the Blotongan area, here it also offers natural views that are extraordinary and beautiful to visit, it could be a reference for Instagrammable photo spots.","Ó£ú","Ó†ç","","Share","Translated by Google","„Éª","See original (Indonesian)"
"https://lh3.googleusercontent.com/a-/ALV-UjUmXA7k33R4iQkvB_fncJI2TGKA6SU3bG-zbe9-u-WVgIbKORaecA=w72-h72-p-rp-mo-ba6-br100","Yohana Ratnasari","Local Guide ¬∑ 708 reviews ¬∑ 665 photos","Óóî","Ó†∏","2 years ago","One of the UKSW campuses, located on top of the hills with a comfortable environment for studying with beautiful views... The location is on the edge of town, although there doesn't seem to be access to public transportation, but there are campus cars, the route from the UKSW Diponegoro campus","Ó£ú","Ó†ç","Like","Share","Translated by Google","„Éª","See original (Indonesian)"
"https://lh3.googleusercontent.com/a-/ALV-UjUDAu5f2fQsUjduoM-hugBAJ9i2MjFL9W6KVZQFv2kNmacoCcTFFA=w72-h72-p-rp-mo-ba6-br100","Hay_Ndrik Salatiga","Local Guide ¬∑ 198 reviews ¬∑ 3,137 photos","Óóî","Ó†∏","4 years ago","The view from the top is cool.... üëçüëçüëç ‚Ä¶","Ó£ú","Ó†ç","Share","","Translated by Google","„Éª","See original (Indonesian)"
"https://lh3.googleusercontent.com/a/ACg8ocL3C8pIb4OJPggCOktThEJldONslrB36e1gOR3V9TxyHHk_lQ=w72-h72-p-rp-mo-br100","Mohammad Alifian Rafsanjani","2 reviews ¬∑ 1 photo","Óóî","Ó†∏","a year ago","The place is nice, the air is cool, and suitable for enjoying the afternoon atmosphere with views of Mount Merbabu, Telomoyo, etc.","Ó£ú","Ó†ç","Like","Share","Translated by Google","„Éª","See original (Indonesian)"
"https://lh3.googleusercontent.com/a/ACg8ocIjv_9B9udyR1Z4o07zpFfDAuIFhzAOHLea0fHVI6lI4Cxl6A=w72-h72-p-rp-mo-br100","Tri Goestoro","4 reviews ¬∑ 4 photos","Óóî","Ó†∏","6 years ago","A comfortable place to study...","Ó£ú","Ó†ç","Share","Like","Translated by Google","„Éª","See original (Indonesian)"
"https://lh3.googleusercontent.com/a-/ALV-UjUOqZiHuBU32m5HdCQI0kKWcfvSJbF90B1kUFjY6ce1gUpN-Xy0XA=w72-h72-p-rp-mo-ba5-br100","Soesetijo Jt","Local Guide ¬∑ 244 reviews ¬∑ 1,394 photos","Óóî","Ó†∏","3 years ago","one of the best spots to enjoy the morning & evening, Mount Merapi Merbabu Telomoyo Sindoro Sumbing Ungaran when it's sunny it looks beautiful + beautiful swamp","Ó£ú","Ó†ç","","Share","Translated by Google","„Éª","See original (Indonesian)"
"https://lh3.googleusercontent.com/a-/ALV-UjVxpSjFY50C1dgkFllZt7A6CJVhyJxYmsyKMrEo3nIowGqMQ5_-=w72-h72-p-rp-mo-ba3-br100","Jovian Obie","Local Guide ¬∑ 35 reviews ¬∑ 6 photos","Óóî","Ó†∏","2 years ago","The location is very spacious even though it is difficult to reach, the campus is spacious, there are lots of campus rooms, the facilities are very complete and the accreditation of the campus and study programs is extraordinarily good.","Ó£ú","Ó†ç","","Share","Translated by Google","„Éª","See original (Indonesian)"
"https://lh3.googleusercontent.com/a-/ALV-UjXTSUsHUgSiJt0OZPw0XrawEWPF9Cp6c6DuHLCJdtHATuWHR5oj=w72-h72-p-rp-mo-ba4-br100","Giri Pawoko","Local Guide ¬∑ 51 reviews ¬∑ 188 photos","Óóî","Ó†∏","4 years ago","One of the new buildings from UKSW, namely the FTI campus. The building is still good, it is also located in the Blotongan area which is a highland area, the surrounding views are very nice. The facilities are still maintained.","Ó£ú","Ó†ç","Like","Share","Translated by Google","„Éª","See original (Indonesian)"
"https://lh3.googleusercontent.com/a-/ALV-UjU5pCWp-rgH4fwE3t35Ogv7zegTeNpyY_eDFxsXszr4TSJ6Fmdi=w72-h72-p-rp-mo-ba4-br100","Ricky Mahendra Putra","Local Guide ¬∑ 40 reviews ¬∑ 192 photos","Óóî","Ó†∏","7 years ago","UKSW FTI Campus. The view is cool, the best sunset spot in Salatiga. The view of Rawa Pening, GMerbabu-Telomoyo-Kendil-Kelir-Ungaran, and Salatiga City are clearly visible. When it comes during the day it is very hot. Very good indeed.","Ó£ú","Ó†ç","","Share","Translated by Google","„Éª","See original (Indonesian)"
"https://lh3.googleusercontent.com/a-/ALV-UjVmTALVGKyW4PEofW_Z66RWIVdtpcEFddUyWlNmZ1I2qFGOi-k8=w72-h72-p-rp-mo-ba4-br100","Yulianto Reynaldi","Local Guide ¬∑ 23 reviews ¬∑ 27 photos","Óóî","Ó†∏","2 years ago","The campus is modern and the views are great. However, it is far from the main campus and the road to the campus is uphill","Ó£ú","Ó†ç","Like","Share","Translated by Google","„Éª","See original (Indonesian)"
"https://lh3.googleusercontent.com/a/ACg8ocIQPL18IFMTcj30WqLxXFhTMpSUP4OnFJIE5gH0DnsG93Lmng=w72-h72-p-rp-mo-ba8-br100","isywara puraya","Local Guide ¬∑ 741 reviews ¬∑ 18,575 photos","Óóî","Ó†∏","8 years ago","Fun place. Nice view. Just tucked away on the edge of town. Far from everywhere. If you walk, it's gempor. 10 years from now it will be comfortable.","Ó£ú","Ó†ç","Like","Share","Translated by Google","„Éª","See original (Indonesian)"
"https://lh3.googleusercontent.com/a/ACg8ocKiyKKAYx6ayyXcZqME7c0DLZvOvnKwqsPFxPnUYzpXvj_gCg=w72-h72-p-rp-mo-br100","Febe Diyah","2 reviews ¬∑ 1 photo","Óóî","Ó†∏","3 years ago","I was very impressed when I first came with my daughter Eirene Claudia Ratmoko to this faculty because the trip was very fun by taking the campus busüëçüëçüëçü§©üåèüåè‚úùÔ∏è ‚Ä¶","Ó£ú","Ó†ç","Share","","Translated by Google","„Éª","See original (Indonesian)"
"https://lh3.googleusercontent.com/a-/ALV-UjXIHdjUVwGsuctGCMyKyu-syvAGl3z3mTgESEwdxWJS9h-VtOU=w72-h72-p-rp-mo-br100","hilal alrizal","1 review","Óóî","Ó†∏","10 months ago","gg anak ft daniro helped restore the hacked wa account","Ó£ú","Ó†ç","Like","Share","Translated by Google","„Éª","See original (Indonesian)"
"https://lh3.googleusercontent.com/a-/ALV-UjU00j4iCJKE4PYogpeezplAyRvX-5s3k0lAyEd_jQyDjI70G8bMFA=w72-h72-p-rp-mo-ba5-br100","Pristiwan Haryanto","Local Guide ¬∑ 204 reviews ¬∑ 286 photos","Óóî","Ó†∏","5 years ago","Cool place to study","Ó£ú","Ó†ç","Share","Like","Translated by Google","„Éª","See original (Indonesian)"
"https://lh3.googleusercontent.com/a-/ALV-UjVlXzVwBdQca6QbPV0nbn-bFKEHObCB6YXmrgJeDjJMrRgvt1Fh=w72-h72-p-rp-mo-ba2-br100","Martin Teddy Sihite","Local Guide ¬∑ 14 reviews ¬∑ 11 photos","Óóî","Ó†∏","2 years ago","FTI My Blue Campus, FTI Blue Blood. Become a Member of Bank Indonesia. God is Good Love You üòç ‚Ä¶","Ó£ú","Ó†ç","Like","Share","Translated by Google","„Éª","See original (Indonesian)"
"https://lh3.googleusercontent.com/a-/ALV-UjX2qMkG8mnlHJnC3Cs9JrJ6VxEATbDqJY7Z_OAFpLXG_Aoy3da5=w72-h72-p-rp-mo-ba4-br100","Aditya Tito Kristuaji","Local Guide ¬∑ 26 reviews ¬∑ 56 photos","Óóî","Ó†∏","7 years ago","A beautiful place, you won't be stressed when studying, because you can see views of the mountains and the Rawa Pening reservoir...","Ó£ú","Ó†ç","Like","Share","Translated by Google","„Éª","See original (Indonesian)"
"https://lh3.googleusercontent.com/a-/ALV-UjU5eqaiR7EqdU1u6zexb1Q1h2HOJRZNG5YtnnAOutzY5LluKwTC=w72-h72-p-rp-mo-ba5-br100","Gethaf Sianturi","Local Guide ¬∑ 178 reviews ¬∑ 600 photos","Óóî","Ó†∏","7 years ago","The view is cool from here because on the plateau you can see directly the city of Salatiga and Rawa Pening","Ó£ú","Ó†ç","Like","Share","Translated by Google","„Éª","See original (Indonesian)"
"https://lh3.googleusercontent.com/a-/ALV-UjV1VGXfuFzsIQH7K_f0ZuICmYI4EQp2teDcUquH5GZKveCEhyjf=w72-h72-p-rp-mo-ba4-br100","Prasetyo Tomy","Local Guide ¬∑ 67 reviews ¬∑ 50 photos","Óóî","Ó†∏","7 years ago","If it's bright in the morning, you can see views of the mountain ranges around Merbabu","Ó£ú","Ó†ç","Like","Share","Translated by Google","„Éª","See original (Indonesian)"
"https://lh3.googleusercontent.com/a-/ALV-UjUA1L4-0ECB1AyCeYIWX44jTJP1PR0pmLLL7HbpqZZQpzY1BHA=w72-h72-p-rp-mo-ba3-br100","Rafian","Local Guide ¬∑ 49 reviews ¬∑ 92 photos","Óóî","Ó†∏","3 years ago","a satisfying event on this campus","Ó£ú","Ó†ç","Share","Like","Translated by Google","„Éª","See original (Indonesian)"
"https://lh3.googleusercontent.com/a/ACg8ocJd9dZCZQEYtqEMSQVxSKhfSEnaiq-RVBSwFCPgUmYSAvL-ZQ=w72-h72-p-rp-mo-ba4-br100","Muhammad Rifai","Local Guide ¬∑ 26 reviews ¬∑ 5 photos","Óóî","Ó†∏","10 months ago","The campus is spacious, high quality, comfortable and okay","Ó£ú","Ó†ç","Like","Share","Translated by Google","„Éª","See original (Indonesian)"
"https://lh3.googleusercontent.com/a-/ALV-UjW5-aia6kdsRpAqkJyILFXWt8WmWHCMcY7OsMOXIr9P8URmDXl0=w72-h72-p-rp-mo-ba5-br100","Kang Itmam Channel","Local Guide ¬∑ 141 reviews ¬∑ 616 photos","Óóî","Ó†∏","8 years ago","The campus has a very good view, because you can see mountains, swamps and amazing views","Ó£ú","Ó†ç","","Share","Translated by Google","„Éª","See original (Indonesian)"
"https://lh3.googleusercontent.com/a-/ALV-UjW98V0G7sw-258MEfynp1E_Yj9ASTjWEAY4DAXM0P-F1gNrC7iMgQ=w72-h72-p-rp-mo-ba4-br100","Stevhanus Widyatmoko Dwi Rachmanta","Local Guide ¬∑ 39 reviews ¬∑ 90 photos","Óóî","Ó†∏","3 years ago","The panorama around the campus is so beautiful.","Ó£ú","Ó†ç","Share","Like","Translated by Google","„Éª","See original (Indonesian)"
"https://lh3.googleusercontent.com/a-/ALV-UjVcoC0-M1gsy4-oJcpQ33ixT48Qmeovh9NYZWdcVnH77vWV1-1-=w72-h72-p-rp-mo-ba5-br100","Erlangga Galih","Local Guide ¬∑ 124 reviews ¬∑ 422 photos","Óóî","Ó†∏","7 years ago","the view is good, the best sunset spot in Salatiga, if you're studying, so so","Ó£ú","Ó†ç","Like","Share","Translated by Google","„Éª","See original (Indonesian)"
"https://lh3.googleusercontent.com/a-/ALV-UjUJr15_BVVmiRtABg36YGPvNoF3NwoWKIdXCxelTUu5axHhJF4=w72-h72-p-rp-mo-ba4-br100","Semut Merah","Local Guide ¬∑ 173 reviews ¬∑ 10 photos","Óóî","Ó†∏","6 years ago","There's no signal, it's far away, access is quite difficult. Nice views, streets with good sidewalks.","Ó£ú","Ó†ç","","Share","Translated by Google","„Éª","See original (Indonesian)"
"https://lh3.googleusercontent.com/a-/ALV-UjXpfRWdwKQHq4FfbAX_oOkmlZzJGNDQsYcKr0-dHe2ff-9Z520=w72-h72-p-rp-mo-br100","Monang Abednego Hutapea","16 reviews ¬∑ 1 photo","Óóî","Ó†∏","5 years ago","Very good, surrounded by gardens/forests so cool and conducive to learning","Ó£ú","Ó†ç","Like","Share","Translated by Google","„Éª","See original (Indonesian)"
"https://lh3.googleusercontent.com/a-/ALV-UjUkZvvD1aXlSreJpiBDFDCNOsc1_FYAViHwVVo6GF-FK5Vk8asn=w72-h72-p-rp-mo-ba4-br100","Petrus Sunu Pratama","Local Guide ¬∑ 77 reviews ¬∑ 39 photos","Óóî","Ó†∏","3 years ago","Comfortable place, good view and easy access to the location.","Ó£ú","Ó†ç","Like","Share","Translated by Google","„Éª","See original (Indonesian)"
"https://lh3.googleusercontent.com/a-/ALV-UjXoNRKLG0bkdsss4M4kMYlqhAQCShHduf0cFBA9jXVnDRnOuyZKsg=w72-h72-p-rp-mo-ba3-br100","Bartin Saputra","Local Guide ¬∑ 14 reviews ¬∑ 21 photos","Óóî","Ó†∏","4 years ago","The view is good","Ó£ú","Ó†ç","Share","Like","Translated by Google","„Éª","See original (Indonesian)"
"https://lh3.googleusercontent.com/a-/ALV-UjWekAZG-FGoTtQKxilqguciZezs1pLeUYpiAfTvq9noDkVTQYDNCQ=w72-h72-p-rp-mo-ba4-br100","Jeo Krastwaghosa","Local Guide ¬∑ 32 reviews ¬∑ 146 photos","Óóî","Ó†∏","7 months ago","Proud to be a student hereüëçüèªüî• ‚Ä¶","Ó£ú","Ó†ç","Share","Like","Translated by Google","„Éª","See original (Indonesian)"
"https://lh3.googleusercontent.com/a-/ALV-UjW9QfWleh8Lgaz5Fvpl9e8QB8ow4kdWXR_KjB2ePJ0fO_0-6Gn-=w72-h72-p-rp-mo-ba2-br100","febryantahanuji","Local Guide ¬∑ 21 reviews ¬∑ 4 photos","Óóî","Ó†∏","8 years ago","Modern campus with amazing views.","Ó£ú","Ó†ç","Share","Like","Translated by Google","„Éª","See original (Indonesian)"
"https://lh3.googleusercontent.com/a-/ALV-UjVBdg8HD06D6uvrqffDLm_T6EnrkX9rb75CFttQVc8LWwdByszo=w72-h72-p-rp-mo-ba6-br100","David Pesudo","Local Guide ¬∑ 681 reviews ¬∑ 982 photos","Óóî","Ó†∏","a year ago","SWCU Blue Campus. Long Live Our Scientific Garba!","Ó£ú","Ó†ç","Like","Share","Translated by Google","„Éª","See original (Indonesian)"
"https://lh3.googleusercontent.com/a-/ALV-UjWdPStH_lNWBpAvCmbsiJeowby482_-3GW9yXQ0Lxkvg6LLY1CDMw=w72-h72-p-rp-mo-ba2-br100","Michelle Andriana","Local Guide ¬∑ 24 reviews ¬∑ 2 photos","Óóî","Ó†∏","5 years ago","Does anyone know the exact capacity of the FTI auditorium building?","Ó£ú","Ó†ç","Like","Share","Translated by Google","„Éª","See original (Indonesian)"
"https://lh3.googleusercontent.com/a-/ALV-UjWFoQm6t_yHtX_hahlnS26DZ1P38-hr88zoFg7Kwgb9cp2Ukjs=w72-h72-p-rp-mo-ba6-br100","AZFAR ARKAN","Local Guide ¬∑ 403 reviews ¬∑ 683 photos","Óóî","Ó†∏","7 months ago","Nice and cool","Ó£ú","Ó†ç","Like","Share","Translated by Google","„Éª","See original (Indonesian)"
"https://lh3.googleusercontent.com/a-/ALV-UjUy5mCHrxPx5wgXPIwMdeqjIi8C-cOOkj19q2GXv-np6xIByKc9=w72-h72-p-rp-mo-br100","Antonius Oko Pranoto","3 reviews ¬∑ 5 photos","Óóî","Ó†∏","7 years ago","during the mentoring meeting part 2","Ó£ú","Ó†ç","Share","Like","Translated by Google","„Éª","See original (Indonesian)"
"https://lh3.googleusercontent.com/a/ACg8ocI7yBeJdhV8AjwkBxeTqkUSvwD1mnQn6_qiZmXNFYH_Z-v8eg=w72-h72-p-rp-mo-ba2-br100","Yusuf Effendi","Local Guide ¬∑ 11 reviews ¬∑ 1 photo","Óóî","Ó†∏","7 years ago","The view is good, the place is cool","Ó£ú","Ó†ç","","Share","Translated by Google","„Éª","See original (Indonesian)"
"https://lh3.googleusercontent.com/a-/ALV-UjUW9gpPy5zmImNbbtAMz8gBsp5G8iLjC6Ks1OMpAQ_kZ5wm5q4i=w72-h72-p-rp-mo-br100","Awan Widianto","7 reviews ¬∑ 6 photos","Óóî","Ó†∏","6 years ago","The place is cool and the view is nice","Ó£ú","Ó†ç","Like","Share","Translated by Google","„Éª","See original (Indonesian)"
"https://lh3.googleusercontent.com/a-/ALV-UjXZHaOfBtKLNuBVP7WfOxeMmNAomANLzKJ-wuxtAhQyS3WgfMMf=w72-h72-p-rp-mo-br100","Adriansa Wahyu Pramudita","4 reviews","Óóî","Ó†∏","5 years ago","Faculty of Information Technology with A accreditation but internet below 100kbps","Ó£ú","Ó†ç","","Share","Translated by Google","„Éª","See original (Indonesian)"
"https://lh3.googleusercontent.com/a/ACg8ocKgHNl1X8odfLqbwfswWxqj1foZgasbIROLWGDafjYhmYDxUUc=w72-h72-p-rp-mo-ba4-br100","Ipung Surati","Local Guide ¬∑ 31 reviews ¬∑ 431 photos","Óóî","Ó†∏","2 years ago","","","","","","","",""
"https://lh3.googleusercontent.com/a-/ALV-UjW5hZSwquNatamR-dde9ucYeumoIbeTGuS-179Z9j21HKXoWD_hoA=w72-h72-p-rp-mo-ba3-br100","Yadi Pusdik","Local Guide ¬∑ 7 reviews ¬∑ 20 photos","Óóî","Ó†∏","4 years ago","Good location, comfortable and pleasant","Ó£ú","Ó†ç","Like","Share","Translated by Google","„Éª","See original (Indonesian)"
"https://lh3.googleusercontent.com/a-/ALV-UjV4LOgKS8idwHRzeWcq2h8nhepGSAaOGpFUgwvirRKZV_nbNXik=w72-h72-p-rp-mo-ba5-br100","bayuocta","Local Guide ¬∑ 338 reviews ¬∑ 1,328 photos","Óóî","Ó†∏","6 years ago","Only escorting guests.","Ó£ú","Ó†ç","Like","Share","Translated by Google","„Éª","See original (Indonesian)"
"https://lh3.googleusercontent.com/a/ACg8ocJZ2ZEHec3pMcQOTJ-eFlgG4qWVuaFx1DLhHg7qk7m0hpwA6Q=w72-h72-p-rp-mo-br100","Candra Ardia","4 reviews","Óóî","Ó†∏","2 years ago","The place is comfortable","Ó£ú","Ó†ç","Like","Share","Translated by Google","„Éª","See original (Indonesian)"
"https://lh3.googleusercontent.com/a-/ALV-UjWdbxjcr08Pyi3QjJqRS-VKD54gXTQsQVSIpOOns-Z56n3hPAI=w72-h72-p-rp-mo-ba6-br100","Dian Meitiash","Local Guide ¬∑ 238 reviews ¬∑ 1,681 photos","Óóî","Ó†∏","7 years ago","The lecture is at SWCU FTI","Ó£ú","Ó†ç","","Share","Translated by Google","„Éª","See original (Indonesian)"
"https://lh3.googleusercontent.com/a-/ALV-UjUN02L5K4Ugy2_RtFPHkn3k-fBKsvovH-3ygRyIIbyPEqmJmceq=w72-h72-p-rp-mo-br100","Rhenaldo Delfi Nugraha","10 reviews","Óóî","Ó†∏","4 years ago","Great, Faculty with cool air","Ó£ú","Ó†ç","","Share","Translated by Google","„Éª","See original (Indonesian)"
"https://lh3.googleusercontent.com/a-/ALV-UjWOLWVVuTPBLRWcWZ_xVsHvAOcnvEDPLlJIJEWdP8ARpjAIeoOYbA=w72-h72-p-rp-mo-ba4-br100","Purwanti Asih Anna Levi Levi","Local Guide ¬∑ 65 reviews ¬∑ 18 photos","Óóî","Ó†∏","a year ago","Near my house..","Ó£ú","Ó†ç","Like","Share","Translated by Google","„Éª","See original (Indonesian)"
"https://lh3.googleusercontent.com/a-/ALV-UjVI91xkmWF_z850-6Bmx_eyd87946-G5YiOw6Xdv245KmD5aCTa=w72-h72-p-rp-mo-ba4-br100","Yokanan Hutama","Local Guide ¬∑ 24 reviews ¬∑ 49 photos","Óóî","Ó†∏","5 years ago","","","","","","","",""
"https://lh3.googleusercontent.com/a-/ALV-UjWFQ6jIM79TRUU5ulFDTBAbFPJhVKUeiYbLDTcRBrgbGpa0F02n=w72-h72-p-rp-mo-ba2-br100","RYO","Local Guide ¬∑ 9 reviews ¬∑ 31 photos","Óóî","Ó†∏","5 years ago","","","","","","","",""
"https://lh3.googleusercontent.com/a-/ALV-UjXhCFvV9upECD4MsDSYiNzyo6t8LJDdi6RU-NOp1c-BFS9DVOGG=w72-h72-p-rp-mo-ba4-br100","Aryanata Andipradana","Local Guide ¬∑ 48 reviews ¬∑ 158 photos","Óóî","Ó†∏","7 years ago","","","","","","","",""
"https://lh3.googleusercontent.com/a-/ALV-UjWzM8gqtdPpZJqpcMppRU9oBuMdErYcp5HKAx-fWTtHJ6JDTlt_=w72-h72-p-rp-mo-ba6-br100","anis hanafia","Local Guide ¬∑ 572 reviews ¬∑ 768 photos","Óóî","Ó†∏","7 years ago","This new campus","Ó£ú","Ó†ç","Like","Share","Translated by Google","„Éª","See original (Indonesian)"
"https://lh3.googleusercontent.com/a-/ALV-UjWmtg0-r9Zo7SHRgEQytUsqYiKsOVldbWqA1l_HZmrcC3z7i9XH=w72-h72-p-rp-mo-br100","Ambar wati","4 reviews","Óóî","Ó†∏","a year ago","Cool for its timeü§≠ ‚Ä¶","Ó£ú","Ó†ç","Like","Share","Translated by Google","„Éª","See original (Indonesian)"
"https://lh3.googleusercontent.com/a-/ALV-UjWnIjZr9G8fT4_saf_AhpxBC9Qp7R_4jJ_V_oxSTzR2vFGzcxUA=w72-h72-p-rp-mo-br100","Andhika Bagas Prakosa","8 reviews ¬∑ 8 photos","Óóî","Ó†∏","7 years ago","I enjoy studying at FTI","Ó£ú","Ó†ç","Like","Share","Translated by Google","„Éª","See original (Indonesian)"
"https://lh3.googleusercontent.com/a-/ALV-UjWhIdJf9CFYULnFJeMiUej08bDfXyK-k3hSRjQKKXd3nFP4Azqa=w72-h72-p-rp-mo-ba3-br100","Wellem Yobi","Local Guide ¬∑ 19 reviews ¬∑ 12 photos","Óóî","Ó†∏","6 years ago","Best","Ó£ú","Ó†ç","Like","Share","Translated by Google","„Éª","See original (Indonesian)"
"https://lh3.googleusercontent.com/a-/ALV-UjV49WL63M0KP2kpQ2lFUoX-yp5_dZ24ZCJKchNBwlsQb-lipZUv=w72-h72-p-rp-mo-ba4-br100","Christine Dewi","Local Guide ¬∑ 56 reviews ¬∑ 286 photos","Óóî","Ó†∏","2 years ago","FTI you are at üòòüòòüòò ‚Ä¶","Ó£ú","Ó†ç","","Share","Translated by Google","„Éª","See original (Indonesian)"
"https://lh3.googleusercontent.com/a-/ALV-UjWvmKBO5JXPlmiiZO0WHXr0noU9Tq8mZrg732ymVe-bHNpMlqpgJQ=w72-h72-p-rp-mo-ba3-br100","Satuf Hidayah","Local Guide ¬∑ 18 reviews ¬∑ 38 photos","Óóî","Ó†∏","a year ago","Good","Ó£ú","Ó†ç","Like","Share","Translated by Google","„Éª","See original (Indonesian)"
"https://lh3.googleusercontent.com/a-/ALV-UjW0fnij6aG3DIoswmTezjFC30GulP32Kw_VoTrjKC-fMidrHsCk=w72-h72-p-rp-mo-ba3-br100","Hezky Rampen","Local Guide ¬∑ 50 reviews ¬∑ 33 photos","Óóî","Ó†∏","5 years ago","Cool campus","Ó£ú","Ó†ç","Like","Share","Translated by Google","„Éª","See original (Malay)"
"https://lh3.googleusercontent.com/a-/ALV-UjXjdo5QVN6NeVelz1q7Ckcr7-vz9PQGPFoTjmgcoEfRj3dwmn36=w72-h72-p-rp-mo-ba3-br100","Si JOVITA Si","Local Guide ¬∑ 64 reviews ¬∑ 20 photos","Óóî","Ó†∏","3 years ago","Cool..","Ó£ú","Ó†ç","Share","Like","Translated by Google","„Éª","See original (Indonesian)"
"https://lh3.googleusercontent.com/a-/ALV-UjXDc7zb5Tqx0JwN4a4y23_QDIkviDzHnUBvi9pepFr3BNg4RkG8=w72-h72-p-rp-mo-ba4-br100","Zalma Anisa","Local Guide ¬∑ 54 reviews ¬∑ 133 photos","Óóî","Ó†∏","6 years ago","","","","","","","",""
"https://lh3.googleusercontent.com/a/ACg8ocLph5G6Nfn7aRfhedb-t6hziDZiuAc6UiH22egGMua3BE902gY=w72-h72-p-rp-mo-br100","Bla Bla","4 reviews","Óóî","Ó†∏","6 years ago","Cool campus","Ó£ú","Ó†ç","Like","Share","Translated by Google","„Éª","See original (Indonesian)"
"https://lh3.googleusercontent.com/a-/ALV-UjUd2q72JM2WknjTVVkNGc1LTNPyHEDPQIjMJYx4jmgGKnSb6VGm=w72-h72-p-rp-mo-ba4-br100","klik photos_","Local Guide ¬∑ 26 reviews ¬∑ 68 photos","Óóî","Ó†∏","7 years ago","","","","","","","",""
"https://lh3.googleusercontent.com/a-/ALV-UjW67-A4gulJRPQenY-MzjwYcMrqmeMpCC5ekiy2q9rjTUrQtnaj=w72-h72-p-rp-mo-ba4-br100","jeremia nugroho","Local Guide ¬∑ 39 reviews ¬∑ 45 photos","Óóî","Ó†∏","6 years ago","Here I study","Ó£ú","Ó†ç","","Share","Translated by Google","„Éª","See original (Indonesian)"
"https://lh3.googleusercontent.com/a-/ALV-UjVJ-bzy9EFmjUdd6fq7vhHfBrXlDQCGrVU0FNInpC2GqpuThL0P=w72-h72-p-rp-mo-br100","Samuel Papilaya","1 review ¬∑ 11 photos","Óóî","Ó†∏","7 years ago","","","","","","","",""
"https://lh3.googleusercontent.com/a-/ALV-UjVt-Smq_7G2v628HePwPn3xfCSN7WHCSj6VdwPnV_SuoOtSYRe5=w72-h72-p-rp-mo-br100","Daniel Richardo","9 reviews ¬∑ 2 photos","Óóî","Ó†∏","2 years ago","Healing campus","Ó£ú","Ó†ç","Like","Share","Translated by Google","„Éª","See original (Indonesian)"
"https://lh3.googleusercontent.com/a-/ALV-UjVhRg5KdMqDNaakJS1jDmX33lxYWVqsPkHHJlct5OqGEW_adhxBbA=w72-h72-p-rp-mo-br100","Hart Sltg","31 reviews ¬∑ 127 photos","Óóî","Ó†∏","5 years ago","Cool","Ó£ú","Ó†ç","Like","Share","Translated by Google","„Éª","See original (Indonesian)"
"https://lh3.googleusercontent.com/a-/ALV-UjVfmx_vKZ7ZUWen3m_WRML12hx5x1ynBjZeLp7cx2KXOBmdqOIA=w72-h72-p-rp-mo-ba3-br100","Adela Istanto","Local Guide ¬∑ 56 reviews ¬∑ 17 photos","Óóî","Ó†∏","3 years ago","Accurate location...","Ó£ú","Ó†ç","Like","Share","Translated by Google","„Éª","See original (Indonesian)"
"https://lh3.googleusercontent.com/a-/ALV-UjXb2M90ovJXZ9hNTq8qW4Ibk4EYit6ZkjJHj8wLXUUXu8VjGEo=w72-h72-p-rp-mo-br100","Andhika Bagas Prakosa","11 reviews","Óóî","Ó†∏","4 years ago","Elegant Faculty","Ó£ú","Ó†ç","Like","Share","Translated by Google","„Éª","See original (Indonesian)"
"https://lh3.googleusercontent.com/a/ACg8ocJM8DUnPXryigd87yx1zBZxKh1iwNUFNmFBqEHxw3Ke_FC_NQ=w72-h72-p-rp-mo-br100","Rohmad Widiyanto","4 reviews ¬∑ 3 photos","Óóî","Ó†∏","6 years ago","Good","Ó£ú","Ó†ç","Like","Share","Translated by Google","„Éª","See original (Indonesian)"
"https://lh3.googleusercontent.com/a-/ALV-UjUfN1xuhNw47HK2mOBCk5fQcxvvu4FNW8QSyzhNOVmpEpHapJFVcg=w72-h72-p-rp-mo-ba4-br100","moztha street writer","Local Guide ¬∑ 28 reviews ¬∑ 40 photos","Óóî","Ó†∏","6 years ago","Cool","Ó£ú","Ó†ç","Like","Share","Translated by Google","„Éª","See original (Indonesian)"
"https://lh3.googleusercontent.com/a-/ALV-UjWPlNi0CjuFNSGsPzYEPOMZxTFykxnvFloPbk8lajxuzALU5DpRCQ=w72-h72-p-rp-mo-br100","Jehovan Dieksa","1 review ¬∑ 4 photos","Óóî","Ó†∏","a week ago","","","","","","","",""
"https://lh3.googleusercontent.com/a-/ALV-UjXFfyg6D7oUz4BpzAdxhxkMOEOIwyFYWIDavwnNGyMF4o0h1BA=w72-h72-p-rp-mo-br100","Melly Ana","","Óóî","Ó†∏","a month ago","","","","","","","",""
"https://lh3.googleusercontent.com/a/ACg8ocK7LEbiWYWJzevK1nM4KB4gAl1uaQnpWInXJGmPV4T38GIsRw=w72-h72-p-rp-mo-br100","Gracelya Pangloli","","Óóî","Ó†∏","4 months ago","","","","","","","",""
"https://lh3.googleusercontent.com/a-/ALV-UjVnPh8Bl9kwkcHVYQaCWGvqbczZsgTRHIR2GdRm_JjOcEqKw76h6Q=w72-h72-p-rp-mo-ba5-br100","Wowon Priatna","Local Guide ¬∑ 98 reviews ¬∑ 700 photos","Óóî","Ó†∏","5 months ago","","","","","","","",""
"https://lh3.googleusercontent.com/a-/ALV-UjWnHD1S5GCMWSehC7tC0KqUNkY5G6NHCldfdto09pX7ercHCUBRCA=w72-h72-p-rp-mo-br100","Johnes Kafiar","5 reviews ¬∑ 7 photos","Óóî","Ó†∏","7 months ago","","","","","","","",""
"https://lh3.googleusercontent.com/a-/ALV-UjWT4PLYsyrx31hndqZUt5XjSyr7hRko_FJmQE7u2py0-cPCu8y8=w72-h72-p-rp-mo-br100","Aiko Yoshina","","Óóî","Ó†∏","8 months ago","","","","","","","",""
"https://lh3.googleusercontent.com/a-/ALV-UjUe1VFpx4EUEEhGRk-QiChPOiM_Rmgho6ONe9fTOEZgTsOwTGI=w72-h72-p-rp-mo-br100","Budi Way","1 review ¬∑ 9 photos","Óóî","Ó†∏","10 months ago","","","","","","","",""
"https://lh3.googleusercontent.com/a-/ALV-UjVYNGOpdNo3htr2BqAXZbKL0wtcEkzekyRGELt55ojw6FOhJpo_=w72-h72-p-rp-mo-ba3-br100","Cecilia Narwastu I.S","Local Guide ¬∑ 15 reviews ¬∑ 25 photos","Óóî","Ó†∏","10 months ago","","","","","","","",""
"https://lh3.googleusercontent.com/a-/ALV-UjWYXWxNjJ8bZQRLF3DqpBL7HLlx8tprWIVurgd882mLeVltMxu5OA=w72-h72-p-rp-mo-ba3-br100","Anisa Yundha Wulandari","Local Guide ¬∑ 3 reviews ¬∑ 28 photos","Óóî","Ó†∏","a year ago","","","","","","","",""
"https://lh3.googleusercontent.com/a-/ALV-UjUvlh5EHJ8B6T16JAYG4kXGpP8mhXFedlNvR3ZUoqZOliteZdy1=w72-h72-p-rp-mo-br100","Syawalian Rais","2 photos","Óóî","Ó†∏","2 years ago","","","","","","","",""
"https://lh3.googleusercontent.com/a-/ALV-UjWxOzDjwVc5--kJjV8QUkwbpD67wb-2Oczy-n0ornXaMiQbVNUf=w72-h72-p-rp-mo-br100","Petrus Agung","2 reviews ¬∑ 24 photos","Óóî","Ó†∏","2 years ago","","","","","","","",""
"https://lh3.googleusercontent.com/a/ACg8ocKE6sH6OQNNA1pvxprUiMsh_JutGUI3oZ_O1ELyRCsz8T5osZs=w72-h72-p-rp-mo-br100","Thomas Sugiarto","6 reviews","Óóî","Ó†∏","2 years ago","","","","","","","",""
"https://lh3.googleusercontent.com/a-/ALV-UjWVwOqVyz6PkibERRqZPaO6ZewcGxgEr2flIY1HgxAD9zhWKW3_=w72-h72-p-rp-mo-ba4-br100","Anita HM","Local Guide ¬∑ 29 reviews ¬∑ 414 photos","Óóî","Ó†∏","2 years ago","","","","","","","",""
"https://lh3.googleusercontent.com/a/ACg8ocKh4H2WEL-Ua1vqeqaraCOesLcuaLGdcMKNESw2U3lBHg8ODug=w72-h72-p-rp-mo-br100","Ambrosius Ludang G.A","2 reviews","Óóî","Ó†∏","2 years ago","","","","","","","",""
"https://lh3.googleusercontent.com/a-/ALV-UjU13Aqd45M3Xc2CuqOeqp0QdgXLSwHZF9DtuYMNhIYSFGZ1Sps=w72-h72-p-rp-mo-br100","a dummy","","Óóî","Ó†∏","2 years ago","","","","","","","",""
"https://lh3.googleusercontent.com/a-/ALV-UjXT5jfSTEAPmS6jy0AoKAulKnJt2-tMMmBf4zF3kizoOQEwpbYT=w72-h72-p-rp-mo-br100","Joel Whesley Pangaribuan","","Óóî","Ó†∏","2 years ago","","","","","","","",""
"https://lh3.googleusercontent.com/a/ACg8ocLcMhJ03uTD1JfqazlFJVjkQZ20H3qHaFaeoMxTWBRzix3mmQ=w72-h72-p-rp-mo-br100","Muhamad Khanif","2 reviews ¬∑ 3 photos","Óóî","Ó†∏","2 years ago","","","","","","","",""
"https://lh3.googleusercontent.com/a-/ALV-UjU4NOk6w2YYYhEsenRiMrOOneHJSoWIcv-3eIdU_f-P0qxBlbHgGw=w72-h72-p-rp-mo-ba4-br100","Natanael Jeffrey","Local Guide ¬∑ 47 reviews ¬∑ 68 photos","Óóî","Ó†∏","2 years ago","","","","","","","",""
"https://lh3.googleusercontent.com/a/ACg8ocLONv4C2PZbQiXfthAF14oHloFF1b_ZtLVzHMgxidmxjQi7Lw=w72-h72-p-rp-mo-br100","Sukarman Hr","4 reviews ¬∑ 1 photo","Óóî","Ó†∏","2 years ago","","","","","","","",""
"https://lh3.googleusercontent.com/a-/ALV-UjVu--z7Nrw0u986V6Ty4yQh2QJMI-kp3FfgbhMITU_LHI9Vg-hV=w72-h72-p-rp-mo-ba4-br100","Glori","Local Guide ¬∑ 40 reviews ¬∑ 89 photos","Óóî","Ó†∏","2 years ago","","","","","","","",""
"https://lh3.googleusercontent.com/a-/ALV-UjWbqd_ZyIUWUkyuP3JAthc806S2ikQuPvHHMaStySti8n92lmmUQQ=w72-h72-p-rp-mo-br100","Astri Leosae","","Óóî","Ó†∏","2 years ago","","","","","","","",""
"https://lh3.googleusercontent.com/a-/ALV-UjUplcVnDcVtUW9UfYbFSZWZQKnNtKgQNHbuf7JWdPgIJ4qdYc1Puw=w72-h72-p-rp-mo-br100","Samuel","7 reviews ¬∑ 1 photo","Óóî","Ó†∏","2 years ago","","","","","","","",""
"https://lh3.googleusercontent.com/a-/ALV-UjUgqzrjczoIgkIV81WuMEaoZk8wPo1CdAJLOLd1Jv5eHW0g2Gg=w72-h72-p-rp-mo-ba5-br100","Anastasia Ela","Local Guide ¬∑ 139 reviews ¬∑ 773 photos","Óóî","Ó†∏","2 years ago","","","","","","","",""
"https://lh3.googleusercontent.com/a/ACg8ocLIynmaDxSf2q84Sm-7XJnLjqjIU2aVVaeuHs7pi2FiZQ1LFw=w72-h72-p-rp-mo-br100","Galih Yerianto","2 reviews","Óóî","Ó†∏","2 years ago","","","","","","","",""
"https://lh3.googleusercontent.com/a/ACg8ocKZmsCg-Bq_UEbWOAq9C69ExdO0gKbgBMuvgTP1frawYlxX5yrS=w72-h72-p-rp-mo-br100","Radyan Prayoga Avriansyah","3 reviews","Óóî","Ó†∏","2 years ago","","","","","","","",""
"https://lh3.googleusercontent.com/a-/ALV-UjVl4E9AzzSW8j8-y_i3msaoafB2YWYeQHhd6lNE1RrwA8BdB3p8=w72-h72-p-rp-mo-ba2-br100","Abimanyu Agung Nugraha","Local Guide ¬∑ 2 reviews","Óóî","Ó†∏","2 years ago","","","","","","","",""
"https://lh3.googleusercontent.com/a/ACg8ocIt517XjI4qdm_6wZZ3Gwu0uud0BOl88AZRfnAxCYja6LJy-g=w72-h72-p-rp-mo-br100","David Ibrahim","6 reviews ¬∑ 1 photo","Óóî","Ó†∏","2 years ago","","","","","","","",""
"https://lh3.googleusercontent.com/a-/ALV-UjWE-21ZT_hIRwycXvFqwl1_OWVsAyCDJoIZc8yRd5uFJjFdNNrB=w72-h72-p-rp-mo-ba3-br100","Daniel Adi Setiawan (blade7dnl)","Local Guide ¬∑ 28 reviews ¬∑ 6 photos","Óóî","Ó†∏","2 years ago","","","","","","","",""
"https://lh3.googleusercontent.com/a-/ALV-UjXua0Rw_V480ybVMTPa8A8GvunMc9K6PlBo8SugWFlwkacJZog=w72-h72-p-rp-mo-ba5-br100","Arief Budiman","Local Guide ¬∑ 274 reviews ¬∑ 42 photos","Óóî","Ó†∏","2 years ago","","","","","","","",""
"https://lh3.googleusercontent.com/a-/ALV-UjXyI7X7I-i1G657iNVmTii3iJf83UsfkNCiopUZWRX_mSTneUMf=w72-h72-p-rp-mo-br100","Arihza Ibrahim Musa","5 reviews","Óóî","Ó†∏","2 years ago","","","","","","","",""
"https://lh3.googleusercontent.com/a-/ALV-UjVXtAphTTCQfeZhGf2n_DSpX3S7yRwmG_VnMfLLSlAz6fuOvxLg=w72-h72-p-rp-mo-br100","Rulof Baltwin","2 reviews ¬∑ 4 photos","Óóî","Ó†∏","2 years ago","","","","","","","",""
"https://lh3.googleusercontent.com/a-/ALV-UjUYBobMsELvm-pzCENDIV_7Z6AZO0MMhNbFO3EMttL9fyWFkHKQ=w72-h72-p-rp-mo-br100","patrick dennas","3 reviews ¬∑ 6 photos","Óóî","Ó†∏","2 years ago","","","","","","","",""
"https://lh3.googleusercontent.com/a/ACg8ocLRC77XuT-dTQbc2Y9t7vTZLEq7320WPMkFe4_NweIf9zOwvg=w72-h72-p-rp-mo-br100","Juan","","Óóî","Ó†∏","2 years ago","","","","","","","",""
"https://lh3.googleusercontent.com/a/ACg8ocJ7yD-uf9SrS9naE8Z5197ZbfGWDP2uWrSkjrcAV0KwcWWvlg=w72-h72-p-rp-mo-br100","Renya Puli","2 reviews ¬∑ 2 photos","Óóî","Ó†∏","2 years ago","","","","","","","",""
"https://lh3.googleusercontent.com/a/ACg8ocLaWZTdSf25xYDRz1l-y_Rvgyu0JC-sY4jrDH68by0HvLnVQg=w72-h72-p-rp-mo-br100","Noval Bryant","3 reviews","Óóî","Ó†∏","2 years ago","","","","","","","",""
"https://lh3.googleusercontent.com/a-/ALV-UjW0Cf_5ZuCyAYtkJ1kqT4rzcsb9OX4BDxrUO7n6hERWog_8Bbgc=w72-h72-p-rp-mo-ba5-br100","Tjoro activity","Local Guide ¬∑ 143 reviews ¬∑ 106 photos","Óóî","Ó†∏","2 years ago","","","","","","","",""
"https://lh3.googleusercontent.com/a-/ALV-UjV2Fy_UFnLjR7Jpct9rOPURjri3ca5xQRyE79eP4fyglihnpk6V=w72-h72-p-rp-mo-ba2-br100","Mario Indra","Local Guide ¬∑ 6 reviews ¬∑ 3 photos","Óóî","Ó†∏","2 years ago","","","","","","","",""
"https://lh3.googleusercontent.com/a-/ALV-UjVA1DWcpR333oOS7xLDH5PlV8O_lfCl6R_3a3d-nCrVt58OUb-b=w72-h72-p-rp-mo-br100","Juan Wambrauw","2 reviews ¬∑ 1 photo","Óóî","Ó†∏","2 years ago","","","","","","","",""
"https://lh3.googleusercontent.com/a/ACg8ocKmx4xtSDGXu67568KmZqIh8F7AxhfsPpxQGm-HwfRwUY95r_U=w72-h72-p-rp-mo-br100","Richard Rondonuwu (VSaikco)","1 review","Óóî","Ó†∏","2 years ago","","","","","","","",""
"https://lh3.googleusercontent.com/a-/ALV-UjVOpt_pnvTCQX-WyCvqccL_CYXNZ6hxSrTbWhNOljFerSL9Jz5r=w72-h72-p-rp-mo-br100","Difren Rafel Karunia","2 reviews","Óóî","Ó†∏","2 years ago","","","","","","","",""
"https://lh3.googleusercontent.com/a-/ALV-UjUBdtGuXSgaq3cMP6YelNs8_9ePmGeq2LjvTw7-pZp7pltc_WY=w72-h72-p-rp-mo-ba3-br100","Indra Baros","Local Guide ¬∑ 55 reviews ¬∑ 3 photos","Óóî","Ó†∏","2 years ago","","","","","","","",""
"https://lh3.googleusercontent.com/a/ACg8ocIBFWysAfRXtMzX7jVGGyebtJiJux2jl4PR3ouSdGhinlVvZuQ5=w72-h72-p-rp-mo-br100","Maria Kartika Hapsari","","Óóî","Ó†∏","2 years ago","","","","","","","",""
"https://lh3.googleusercontent.com/a-/ALV-UjXOa4akMr6xSz27JVnx6-xV3wcV8hjyWhW7mzxDQnFyf5H3jvU=w72-h72-p-rp-mo-br100","Evan Geraldy","41 reviews ¬∑ 1 photo","Óóî","Ó†∏","2 years ago","","","","","","","",""
"https://lh3.googleusercontent.com/a-/ALV-UjVVZQrGCar41y8SpJIBKwld_QidT4FF5tyEKBZ6z-rCooveNiE=w72-h72-p-rp-mo-br100","mike","13 reviews ¬∑ 1 photo","Óóî","Ó†∏","2 years ago","","","","","","","",""
"https://lh3.googleusercontent.com/a-/ALV-UjWn6NR5UAmeLFL3NR4nSFAqmyaBYXX75ApFRdp6aWKZhfoQ6nZJ=w72-h72-p-rp-mo-br100","Rezky Ta'ewa","","Óóî","Ó†∏","2 years ago","","","","","","","",""
"https://lh3.googleusercontent.com/a-/ALV-UjVnkCyNTKTCIbdkHRVtO_0SV0t9DjNzrEXTdMX90GCsVj-VIEUesg=w72-h72-p-rp-mo-br100","nerissa","2 reviews ¬∑ 1 photo","Óóî","Ó†∏","2 years ago","","","","","","","",""
"https://lh3.googleusercontent.com/a-/ALV-UjVJeVFQJwQMBoVsYwX_S5Ni9ee4AnKy8yS4OWDAzmt-Y91IgwRJ=w72-h72-p-rp-mo-br100","Theodorus Fide Rahardian","2 reviews ¬∑ 11 photos","Óóî","Ó†∏","2 years ago","","","","","","","",""
"https://lh3.googleusercontent.com/a/ACg8ocIj-cYrCF9xjjbVHHxWZlK3HfcqWp41Ag_uFyFSw1GaFw1ScA=w72-h72-p-rp-mo-ba2-br100","yusvian er","Local Guide ¬∑ 4 reviews ¬∑ 5 photos","Óóî","Ó†∏","2 years ago","","","","","","","",""
"https://lh3.googleusercontent.com/a/ACg8ocLQg96yJYrzEySQvlb3lJpPQ20lxa2fHHl6C8NdbkMibZ5Miw=w72-h72-p-rp-mo-br100","Nova Sangwana Putra","4 reviews","Óóî","Ó†∏","2 years ago","","","","","","","",""
"https://lh3.googleusercontent.com/a-/ALV-UjUXS3_LwjQkMUaSvMuSD-K2gsXNUFro-8w3n4alxerEzXSbJsSG5Q=w72-h72-p-rp-mo-br100","Hizkia Brayn","2 reviews ¬∑ 1 photo","Óóî","Ó†∏","2 years ago","","","","","","","",""
"https://lh3.googleusercontent.com/a-/ALV-UjVLWD8FJ4Klu4Z_ur6oF3W6lALpJC-i6dMiWmnGvtt4U1THXdWGqg=w72-h72-p-rp-mo-br100","Kredo Umboh","2 reviews ¬∑ 1 photo","Óóî","Ó†∏","2 years ago","","","","","","","",""
"https://lh3.googleusercontent.com/a-/ALV-UjWGUFe8ouQ_6NndyyLOjVI_C_sDinzd7tbHd8-qj2J-myg5qVY=w72-h72-p-rp-mo-ba3-br100","Mareta Vibiana","Local Guide ¬∑ 16 reviews ¬∑ 28 photos","Óóî","Ó†∏","3 years ago","","","","","","","",""
"https://lh3.googleusercontent.com/a-/ALV-UjU1a-GCiVr0W2KZp1WwdabwYgySJo7fDq-r9TdLy_lpaQfm83edtA=w72-h72-p-rp-mo-br100","Dimas Pidheksa","1 review","Óóî","Ó†∏","3 years ago","","","","","","","",""
"https://lh3.googleusercontent.com/a-/ALV-UjXWQHLpFwnutJj3v4gbr2u6u1SC5vvVOHMgjUJtsUIwgYczDyP3=w72-h72-p-rp-mo-br100","mursid setyo","2 reviews","Óóî","Ó†∏","3 years ago","","","","","","","",""
"https://lh3.googleusercontent.com/a-/ALV-UjU1TPEGxlMVdozQz1Xrj1YoWX818ESh3ctpUx_003OS8sFzWSv-=w72-h72-p-rp-mo-br100","Stephanie Olivia","","Óóî","Ó†∏","3 years ago","","","","","","","",""
"https://lh3.googleusercontent.com/a-/ALV-UjUTLwSrYB9PLjpgiXi_RULojQ4KK9GzIgMnNhmZhBWog6PbGS6wtQ=w72-h72-p-rp-mo-br100","Sinatria Banyu","3 reviews","Óóî","Ó†∏","3 years ago","","","","","","","",""
"https://lh3.googleusercontent.com/a-/ALV-UjVh-eKeMOx3nSh__vYlD79iKpOKwe82U43eykksumByByMQzqbZ=w72-h72-p-rp-mo-br100","VIRGELIUS HENDRAWAN TARALANDU","9 reviews ¬∑ 1 photo","Óóî","Ó†∏","3 years ago","","","","","","","",""
"https://lh3.googleusercontent.com/a-/ALV-UjWi5uOLV5kb9GJaRwT_X3OUXoZH-05rkXlFOVmH6yuNDEJK9I79=w72-h72-p-rp-mo-ba3-br100","Rei 's","Local Guide ¬∑ 4 reviews ¬∑ 14 photos","Óóî","Ó†∏","3 years ago","","","","","","","",""
"https://lh3.googleusercontent.com/a-/ALV-UjWJMzJ2Fto6IJJKYTpPbrj6qUGH-6tXI-i5l41FkMw94FIQM8xB=w72-h72-p-rp-mo-br100","lucky deta prastama","6 reviews ¬∑ 3 photos","Óóî","Ó†∏","3 years ago","","","","","","","",""
"https://lh3.googleusercontent.com/a-/ALV-UjVZ7TFtPMLb8OrqRDbDdCTtUdIz8YQ4-y_AZRqzlHH9fBkVXWB5=w72-h72-p-rp-mo-br100","Yong Giovani","1 review","Óóî","Ó†∏","3 years ago","","","","","","","",""
"https://lh3.googleusercontent.com/a-/ALV-UjVciquisZ9ZP7FCzHLswfXgaCjVXf87MkbV0Ua6Oh-IHz_xv-Pd=w72-h72-p-rp-mo-ba3-br100","Immanuel Ade","Local Guide ¬∑ 6 reviews ¬∑ 18 photos","Óóî","Ó†∏","3 years ago","","","","","","","",""
"https://lh3.googleusercontent.com/a-/ALV-UjVgLAvcxIGvsIwKw-nFahYvfLYcJm4In0aodHYIXftWqYt1GfuG8Q=w72-h72-p-rp-mo-br100","Aditya Wisnu Wardana","26 reviews ¬∑ 383 photos","Óóî","Ó†∏","3 years ago","","","","","","","",""
"https://lh3.googleusercontent.com/a-/ALV-UjUm2oAUEKd6oUwh9Lqtf6x_D-iumoR2bFkrUhPYsIkeb-PbLz1F=w72-h72-p-rp-mo-br100","Andhika Bagas Prakosa","6 reviews","Óóî","Ó†∏","3 years ago","","","","","","","",""
"https://lh3.googleusercontent.com/a-/ALV-UjUxXoIdCqmjPzzrWV1QF2mMP-2Br9YSwyTebadic9rDr8C35_32=w72-h72-p-rp-mo-br100","Fahreza Rayhan Yudhistira","4 reviews ¬∑ 8 photos","Óóî","Ó†∏","3 years ago","","","","","","","",""
"https://lh3.googleusercontent.com/a/ACg8ocI1s7g3bApR5UuWnGjet-YVUfeksOFXbfA6i1YrCQntJ0bF0kc=w72-h72-p-rp-mo-br100","Devano Herma Sugiarto","3 reviews","Óóî","Ó†∏","3 years ago","","","","","","","",""
"https://lh3.googleusercontent.com/a-/ALV-UjUyI8DzmuiEjykNey97AO6H0EDHkfgA4sgAXzLSfSVLoD49KbnlHQ=w72-h72-p-rp-mo-ba3-br100","Adhitya nur wahid","Local Guide ¬∑ 1 review ¬∑ 30 photos","Óóî","Ó†∏","3 years ago","","","","","","","",""
"https://lh3.googleusercontent.com/a-/ALV-UjWBS3txIsc_CtxAZ-o7tGM0j2kpu9ZQdDR-ap6kZc2GfgrdC3nu=w72-h72-p-rp-mo-ba2-br100","Atika Irene Christy","Local Guide ¬∑ 10 reviews ¬∑ 13 photos","Óóî","Ó†∏","3 years ago","","","","","","","",""
"https://lh3.googleusercontent.com/a-/ALV-UjWBP0QUGoTajr_4tAaZZAr6ADBX6TDNW-aPLNsUgK__3dvLJb4=w72-h72-p-rp-mo-br100","korps 2 semarang","","Óóî","Ó†∏","3 years ago","","","","","","","",""
"https://lh3.googleusercontent.com/a/ACg8ocLY--Fij95dieaX3i90d4WU_k24VCELMd3zCLl6aNVruVJiXg=w72-h72-p-rp-mo-br100","Tjong Sing The","","Óóî","Ó†∏","3 years ago","","","","","","","",""
"https://lh3.googleusercontent.com/a-/ALV-UjVN7PYwPX5dEVcJKl4ipwQbtUlEndftTbaS0Lym9o_YKDxLjhvX=w72-h72-p-rp-mo-br100","Josmaci Gordon","1 review ¬∑ 2 photos","Óóî","Ó†∏","4 years ago","","","","","","","",""
"https://lh3.googleusercontent.com/a/ACg8ocIn2DP2c2MhC3xXrm-4CYao2T1hq_uiz47Ekeh6iRHSsfnC9uI=w72-h72-p-rp-mo-br100","David Darmawan","1 photo","Óóî","Ó†∏","4 years ago","","","","","","","",""
"https://lh3.googleusercontent.com/a-/ALV-UjXorprupAA1VFcHqRPc05XkN9xRFt66gZoBEHRaJ0KsvPxRUQLW_w=w72-h72-p-rp-mo-br100","Hasti Anastasia Turnip","12 reviews","Óóî","Ó†∏","4 years ago","","","","","","","",""
"https://lh3.googleusercontent.com/a-/ALV-UjXUqoDNtB0bJ_qhDy2bc6SUXrgvoz6MHB-143CwolO9MLlu0qA=w72-h72-p-rp-mo-br100","Angelo Xavier","1 review ¬∑ 2 photos","Óóî","Ó†∏","4 years ago","","","","","","","",""
"https://lh3.googleusercontent.com/a/ACg8ocL6btHiGohLWpgyucXA696v2WJXbytQ8eBG2YnfAIFlFyhp-Q=w72-h72-p-rp-mo-br100","Novano Rossi","","Óóî","Ó†∏","4 years ago","","","","","","","",""
"https://lh3.googleusercontent.com/a-/ALV-UjW72sk81W0hcXgQ3c7SUm7ReZhr0IxEjh_llFaoOt6jEs6liUY=w72-h72-p-rp-mo-ba3-br100","LTL Official","Local Guide ¬∑ 10 reviews","Óóî","Ó†∏","4 years ago","","","","","","","",""
"https://lh3.googleusercontent.com/a-/ALV-UjXUdKccIC9GZ-CEml1Xs-XC_lNV6HUyQ43pT6pEk2kGr8IFKDcf=w72-h72-p-rp-mo-ba2-br100","Gerry Santos Lasatira","Local Guide ¬∑ 7 reviews ¬∑ 3 photos","Óóî","Ó†∏","4 years ago","","","","","","","",""
"https://lh3.googleusercontent.com/a-/ALV-UjVl6sOE4LMjJlKNuhBJb13-1X0GfLIQKZwqeM1Zma2QK1UosapE=w72-h72-p-rp-mo-ba5-br100","muhammad alimin","Local Guide ¬∑ 122 reviews ¬∑ 14 photos","Óóî","Ó†∏","4 years ago","","","","","","","",""
"https://lh3.googleusercontent.com/a/ACg8ocJyvqLFPLePakXcL5BlbErUObvq7dkqZjHgz5sRLktaEmg9D1PG=w72-h72-p-rp-mo-ba2-br100","Michael Christian","Local Guide ¬∑ 3 reviews","Óóî","Ó†∏","4 years ago","","","","","","","",""
"https://lh3.googleusercontent.com/a-/ALV-UjWF5A01gLl4bFNom4dvn83Wh27bTBA1KNEWfi5HDwa_GqbS6STM=w72-h72-p-rp-mo-ba5-br100","Bambang Pamungkas","Local Guide ¬∑ 297 reviews ¬∑ 258 photos","Óóî","Ó†∏","4 years ago","","","","","","","",""
"https://lh3.googleusercontent.com/a-/ALV-UjV0BKon9YURdEC28oFfpCX-jhIBSZodFKrSFE773cC6AGYDMqs=w72-h72-p-rp-mo-br100","echy15","","Óóî","Ó†∏","4 years ago","","","","","","","",""
"https://lh3.googleusercontent.com/a-/ALV-UjV8g9l1FQIhQ4mTdspSIAw98Oc9p6Wig8tTm3CTkc9Itm_4Z-NI=w72-h72-p-rp-mo-ba4-br100","Yeremia Alfa Susetyo","Local Guide ¬∑ 1 review ¬∑ 257 photos","Óóî","Ó†∏","4 years ago","","","","","","","",""
"https://lh3.googleusercontent.com/a/ACg8ocJgnAPH9wX2URkdm_0c2u8mydxM8yNA5SbnDkKRbqCZLwlXLg=w72-h72-p-rp-mo-ba2-br100","Arif Budiman","Local Guide ¬∑ 18 reviews ¬∑ 6 photos","Óóî","Ó†∏","4 years ago","","","","","","","",""
"https://lh3.googleusercontent.com/a/ACg8ocKhKAs50o6CNvbgqLTuFm1lfG4IMffmcOSdSSWj0I1jAtFKBQ=w72-h72-p-rp-mo-br100","draan01","2 photos","Óóî","Ó†∏","4 years ago","","","","","","","",""
"https://lh3.googleusercontent.com/a-/ALV-UjWOLScZmqyPAzPE8FDH1TN0wqQc0i6YxcG-a26IoAuq5IgO-T55=w72-h72-p-rp-mo-br100","Adeka","2 reviews","Óóî","Ó†∏","4 years ago","","","","","","","",""
"https://lh3.googleusercontent.com/a-/ALV-UjUS9y2C5XiFOO44Fs-RC1mW7CeyUV84ChwQOefIVlQPe34scdk=w72-h72-p-rp-mo-ba2-br100","Eben Haezer","Local Guide ¬∑ 2 reviews ¬∑ 30 photos","Óóî","Ó†∏","4 years ago","","","","","","","",""
"https://lh3.googleusercontent.com/a/ACg8ocJHCY8GwEEags-zKwTT6GQ12wh7WBnxFqghCwEnqtmmb98y7Q=w72-h72-p-rp-mo-br100","Bryan Aep","1 review","Óóî","Ó†∏","4 years ago","","","","","","","",""
"https://lh3.googleusercontent.com/a-/ALV-UjUn1tLPZAjaD2ZZ9-vS9TJtKHyWp1A0C2OUZCH5ExvKRobCv1XFmw=w72-h72-p-rp-mo-ba5-br100","Agung Wibowo","Local Guide ¬∑ 57 reviews ¬∑ 230 photos","Óóî","Ó†∏","4 years ago","","","","","","","",""
"https://lh3.googleusercontent.com/a-/ALV-UjUlvImqgMyxhRq9_SfZY-eOKZdqmNNcb7v0YnHfyJg3xVtZL3Rn=w72-h72-p-rp-mo-br100","Jessica Theofani","1 review","Óóî","Ó†∏","5 years ago","","","","","","","",""
"https://lh3.googleusercontent.com/a/ACg8ocK5kIwzvxa8OGO6DQjFF98C3cKBsREDO-KYH76HE6v7Ct8XXQ=w72-h72-p-rp-mo-br100","Heri Pranyoto","1 review","Óóî","Ó†∏","5 years ago","","","","","","","",""
"https://lh3.googleusercontent.com/a-/ALV-UjX6LGWZd-OE1mlyJII9nLB03-e_E9l39Z9qUV5BNdw-n0gkoMOk=w72-h72-p-rp-mo-br100","Arsel Asferand","","Óóî","Ó†∏","5 years ago","","","","","","","",""
"https://lh3.googleusercontent.com/a-/ALV-UjX-XmrqJiFxSAIbSf5ia63DbwQ4q2ooduuA8_PR587bQe7yYAL3=w72-h72-p-rp-mo-br100","Cakrawartya Pradipta Dennaya","","Óóî","Ó†∏","5 years ago","","","","","","","",""
"https://lh3.googleusercontent.com/a/ACg8ocJqmaDq9pwh_4ltpDV2LyKe4wGC2ERWl4lsNPPEZaHMVGA0mQ=w72-h72-p-rp-mo-ba3-br100","Edi kurniawan","Local Guide ¬∑ 13 reviews ¬∑ 6 photos","Óóî","Ó†∏","5 years ago","","","","","","","",""
"https://lh3.googleusercontent.com/a-/ALV-UjWARQs2Q1Bn9rWxEYM4mTpoy6aAnbHAREJL0DqXZsc7CGj6KtgW=w72-h72-p-rp-mo-br100","Almay Naufal","5 photos","Óóî","Ó†∏","5 years ago","","","","","","","",""
"https://lh3.googleusercontent.com/a-/ALV-UjWU4BKrHCpTcb353QRKpx9vfcjf14ghiBhukdLKcpji55bnHhU61w=w72-h72-p-rp-mo-ba4-br100","Muhammad Hadi Prayitno","Local Guide ¬∑ 35 reviews ¬∑ 139 photos","Óóî","Ó†∏","5 years ago","","","","","","","",""
"https://lh3.googleusercontent.com/a-/ALV-UjUI-iSrg95Hks2V-5bBNcv_SfgxD3enj8wmz8XSFmu3TEYtimpT=w72-h72-p-rp-mo-br100","muhammad yesa","1 review ¬∑ 5 photos","Óóî","Ó†∏","5 years ago","","","","","","","",""
"https://lh3.googleusercontent.com/a/ACg8ocLfVJkK4EvIlt3dWSxi0kqwz-XRrhcqNc4Fyi0SFpLQwfCWLg=w72-h72-p-rp-mo-ba4-br100","Nanda Hidayat","Local Guide ¬∑ 44 reviews ¬∑ 109 photos","Óóî","Ó†∏","5 years ago","","","","","","","",""
"https://lh3.googleusercontent.com/a-/ALV-UjVDGCm1Vzwxb0IyEqQIjXmuqZs68g8IteH6vGIn8TmIk9DVRs8=w72-h72-p-rp-mo-ba5-br100","Thomas Andrianto","Local Guide ¬∑ 151 reviews ¬∑ 145 photos","Óóî","Ó†∏","5 years ago","","","","","","","",""
"https://lh3.googleusercontent.com/a-/ALV-UjXTWvWkA6z6Awn30OAGJUXo5pCxqiYRr1AjH5aZypkwoEAR9TcB=w72-h72-p-rp-mo-ba3-br100","Wisnu Ardhiyanto","Local Guide ¬∑ 11 reviews ¬∑ 7 photos","Óóî","Ó†∏","5 years ago","","","","","","","",""
"https://lh3.googleusercontent.com/a-/ALV-UjWXaDucOmqGazpuMwfnEkvL8Ik58hbRaLB28ITESqd4kRYdQvI9Mg=w72-h72-p-rp-mo-ba5-br100","bungsu ratu","Local Guide ¬∑ 56 reviews ¬∑ 1,075 photos","Óóî","Ó†∏","5 years ago","","","","","","","",""
"https://lh3.googleusercontent.com/a-/ALV-UjUMpzK8hG66ecdx4-XHav5RV_-VMwtECc5B84vdKMz-CF0Rs6o=w72-h72-p-rp-mo-ba4-br100","Norman Ismail Ferry Setiawan","Local Guide ¬∑ 55 reviews ¬∑ 71 photos","Óóî","Ó†∏","5 years ago","","","","","","","",""
"https://lh3.googleusercontent.com/a-/ALV-UjVPNCpubTbZtsC0QuAUQPXZ2jteY8NkFXjPZFkdZgIxO7kvFhYp=w72-h72-p-rp-mo-ba4-br100","Onesimus Joumaran Usior","Local Guide ¬∑ 93 reviews ¬∑ 38 photos","Óóî","Ó†∏","5 years ago","","","","","","","",""
"https://lh3.googleusercontent.com/a-/ALV-UjX2xHDahWHLk7BmnHNbI2_ghrXX4fycQJJk9FieNzMQZfYdn2yk=w72-h72-p-rp-mo-ba4-br100","Jordan Paul Agusto Diwi","Local Guide ¬∑ 11 reviews ¬∑ 4 photos","Óóî","Ó†∏","6 years ago","","","","","","","",""
"https://lh3.googleusercontent.com/a-/ALV-UjWTLtu_c9xiZOcnKaBoSmfgGxx2nE3eqYK5qEUAs-JeRg_msMM=w72-h72-p-rp-mo-ba3-br100","imam janzuli","Local Guide ¬∑ 6 reviews ¬∑ 61 photos","Óóî","Ó†∏","6 years ago","","","","","","","",""
"https://lh3.googleusercontent.com/a-/ALV-UjVKRRu65ukIp6B-UUpVTK02E_27KF3nF6GYsZbIbbZ1ebD4LQBi=w72-h72-p-rp-mo-ba3-br100","Kadek Yopin","Local Guide ¬∑ 3 reviews ¬∑ 4 photos","Óóî","Ó†∏","6 years ago","","","","","","","",""
"https://lh3.googleusercontent.com/a/ACg8ocKNeZ0Nd73Yj3O5mII6zIkbJkFgCyQw3opNgVte96-iyBgW6Q=w72-h72-p-rp-mo-br100","Judit Nugroho","2 reviews","Óóî","Ó†∏","6 years ago","","","","","","","",""
"https://lh3.googleusercontent.com/a-/ALV-UjWWh0i5qnlMmsLabwceGYN5wW3JRKobvrVIMghfYaRv57xc1XNa=w72-h72-p-rp-mo-br100","William Arya Endova","1 review","Óóî","Ó†∏","6 years ago","","","","","","","",""
"https://lh3.googleusercontent.com/a-/ALV-UjWA92S-Ux0LCM_bk97iriuDLOxKtuzazGmYNKaWbb0tF9CYWr1r=w72-h72-p-rp-mo-br100","Chatra Widsam","1 photo","Óóî","Ó†∏","6 years ago","","","","","","","",""
"https://lh3.googleusercontent.com/a-/ALV-UjWUU93wtAyRVvlWhC0V8t9bbtrt35-K56dwTE5nGyL50e-ZZXg=w72-h72-p-rp-mo-ba5-br100","Pegi Mulu","Local Guide ¬∑ 116 reviews ¬∑ 516 photos","Óóî","Ó†∏","7 years ago","","","","","","","",""
"https://lh3.googleusercontent.com/a-/ALV-UjVcgeegFlmbNNZLUt5f1QB3GCfcSECcPhTvNpDMQ0yhNJcK1Mu_=w72-h72-p-rp-mo-br100","ardisenna_98","1 review","Óóî","Ó†∏","7 years ago","","","","","","","",""
"https://lh3.googleusercontent.com/a/ACg8ocKfDXEMM3pMw7NSQo4kZR-LNAL5s-tmmQW_BDTrTlOS_z5l3w=w72-h72-p-rp-mo-br100","Kaito Kid","","Óóî","Ó†∏","7 years ago","","","","","","","",""
"https://lh3.googleusercontent.com/a-/ALV-UjU1ZT4UqU03GEV41Bh1cFnFyV1sRYAcFSoTppEBxhjAnkNI7oJL=w72-h72-p-rp-mo-ba3-br100","Vezy Muktisisyano Kasih","Local Guide ¬∑ 33 reviews ¬∑ 31 photos","Óóî","Ó†∏","7 years ago","","","","","","","",""
"https://lh3.googleusercontent.com/a-/ALV-UjWDbIA1Dj4BH3WtHP9FyID6N1HveGf1sqfGvdsemZFRd60KyVY=w72-h72-p-rp-mo-br100","Vivian Tcheng","","Óóî","Ó†∏","7 years ago","","","","","","","",""
"https://lh3.googleusercontent.com/a/ACg8ocJ9zIwidSFKHp_L6qHOTXoezqzHYXdKnPT9opLvFWClFSAirw=w72-h72-p-rp-mo-br100","Ilham Jokar","","Óóî","Ó†∏","7 years ago","","","","","","","",""
"https://lh3.googleusercontent.com/a-/ALV-UjXQCblv_77mKAW5cgknQWwzILFbLpCL9LIFlXFAJW0qw1ySkbk=w72-h72-p-rp-mo-ba3-br100","Charis Andronikus","Local Guide ¬∑ 21 reviews ¬∑ 9 photos","Óóî","Ó†∏","7 years ago","","","","","","","",""
"https://lh3.googleusercontent.com/a/ACg8ocJA7blLHUtedVrfBK6PlX-9iIMQ5p1IjcTWhGKU3tSr7RgS-A=w72-h72-p-rp-mo-br100","Sonia Laura","","Óóî","Ó†∏","7 years ago","","","","","","","",""
"https://lh3.googleusercontent.com/a-/ALV-UjWkkK1gz7P22Pj9su_Jsdu19ZLOy93yLvm532FF2gepGYemV8N4=w72-h72-p-rp-mo-br100","Pendi Fiktoria","","Óóî","Ó†∏","7 years ago","","","","","","","",""
"https://lh3.googleusercontent.com/a/ACg8ocIsRykyu5JvdIshuuoB9ryttwBVxpQHQlJby1vQ0VQS1f_Blw=w72-h72-p-rp-mo-br100","Oky Ds","2 photos","Óóî","Ó†∏","8 years ago","","","","","","","",""
"https://lh3.googleusercontent.com/a-/ALV-UjXpqBZyAGysoTbY-ofqPPzAnpyX4KhCGEpquzkaW32yAZDCXCFu=w72-h72-p-rp-mo-ba3-br100","Yohanes","Local Guide ¬∑ 40 reviews ¬∑ 27 photos","Óóî","Ó†∏","8 years ago","","","","","","","",""