NBa7we src,d4r55,RfnDt,eaLgGf,hCCjke,rsqaWe,wiI7pd,fontBodySmall,fontBodySmall 2,kyuRq,dSlJg,dSlJg 2,znYl0,znYl0 2,
https://lh3.googleusercontent.com/a-/ALV-UjU6QusBSe4_9YEueEAxZCeNP_K39EVR6sypHIJQJyS48Ttz4ApD=w72-h72-p-rp-mo-br100,Ariani Prasetya,2 reviews ¬∑ 2 photos,Óóî,Ó†∏,6 years ago,The place is comfortable... The music teacher is extraordinary... learning is fun and not boring... really supports the development of children's interests and talents in the field of music...üòçüòç ‚Ä¶,Translated by Google,„Éª,See original (Indonesian),Ó£ú,Ó†ç,Share,,kursus musik uksw
https://lh3.googleusercontent.com/a-/ALV-UjViAyVV5yqZ-j_pFeSNcY_R8n0eDJgc8U4gPtl0bDEW_8pPEScb=w72-h72-p-rp-mo-br100,Yustinus Heru Budi Utomo,2 reviews,Óóî,Ó†∏,6 years ago,"Apart from teaching vocal & musical techniques, it also provides space for our sons and daughters to dare to perform in front of an audience.
Apart from giving children the courage to perform, it also triggers children to consciously learn better.",Translated by Google,„Éª,See original (Indonesian),Ó£ú,Ó†ç,Share,,kursus musik uksw
https://lh3.googleusercontent.com/a-/ALV-UjWn67c4HCd241TnM21A2H-0GNJQRrH4XU9WbwURfi4tVbuRgzEK=w72-h72-p-rp-mo-br100,Ria Triastuti,3 reviews ¬∑ 3 photos,Óóî,Ó†∏,6 years ago,"Very comfortable place for tutoring, and the teachers are super patient in dealing with their students. :) :) Success always to all. GBU.",Translated by Google,„Éª,See original (Indonesian),Ó£ú,Ó†ç,Share,Like,kursus musik uksw
https://lh3.googleusercontent.com/a-/ALV-UjU7biDdFss4KkVXCveSqx2RsumXTH5T70YksNd4yY6dT1dIudae=w72-h72-p-rp-mo-br100,Niki Manuputty,1 review,Óóî,Ó†∏,6 years ago,The place is comfortable and nice... the teachers are also qualified... maybe if there was a side door it would be better...,Translated by Google,„Éª,See original (Indonesian),Ó£ú,Ó†ç,Share,Like,kursus musik uksw
https://lh3.googleusercontent.com/a-/ALV-UjVMGA2dcK6Ph77W-c31Tdx9uxTGBYaofl3ceqkeTdxaTMX8BKKaKg=w72-h72-p-rp-mo-br100,Poedji Soesila,5 reviews ¬∑ 6 photos,Óóî,Ó†∏,6 years ago,The atmosphere and facilities provided are very supportive for learning to develop musical talents and interests.,Translated by Google,„Éª,See original (Indonesian),Ó£ú,Ó†ç,Share,Like,kursus musik uksw
https://lh3.googleusercontent.com/a-/ALV-UjXPU03NaqRSRPUQDwdO_KT53qn16NMI2Sv6fGMU0roxIAJ0U9U=w72-h72-p-rp-mo-br100,yasintha wulandari,1 review,Óóî,Ó†∏,6 years ago,"Good place for music courses in Salatiga. kind & patient teacher, spacious parking area.",Translated by Google,„Éª,See original (Indonesian),Ó£ú,Ó†ç,Share,Like,kursus musik uksw
https://lh3.googleusercontent.com/a/ACg8ocL3lvibV6hBOCv088STCz3n5jopUWX4G71SLVgJf8UgSvbn2zff=w72-h72-p-rp-mo-ba3-br100,Tri Wilujeng,Local Guide ¬∑ 11 reviews ¬∑ 56 photos,Óóî,Ó†∏,6 years ago,The tutoring place is ok...the music teacher is amazing...like like like,Translated by Google,„Éª,See original (Indonesian),Ó£ú,Ó†ç,Share,,kursus musik uksw
https://lh3.googleusercontent.com/a-/ALV-UjV1psG2XwnT8jYssJdqqv4cFiH6hoAEHT1r1u5sBbHuEfuw67JcZA=w72-h72-p-rp-mo-ba2-br100,DJ Cilik Varo,Local Guide ¬∑ 15 reviews ¬∑ 23 photos,Óóî,Ó†∏,6 years ago,"The place is easy to reach, the learning is fun so children don't get bored",Translated by Google,„Éª,See original (Indonesian),Ó£ú,Ó†ç,Share,Like,kursus musik uksw
https://lh3.googleusercontent.com/a-/ALV-UjVLX7dEXjIfiuimFVPVaGSJe7Vvo3aI4kz9qLVD2iHNxNMDlJFR=w72-h72-p-rp-mo-br100,teezha83,1 review,Óóî,Ó†∏,6 years ago,"Professional teachers, friendly atmosphere and conducive to learning...",Translated by Google,„Éª,See original (Indonesian),Ó£ú,Ó†ç,Share,,kursus musik uksw
https://lh3.googleusercontent.com/a-/ALV-UjUyUu2QUqFZZodkDN2ow2hn1G5SGqmPL9ddqWX4ZlJ_BdASGCYb=w72-h72-p-rp-mo-ba6-br100,Ishak Pahing,"Local Guide ¬∑ 476 reviews ¬∑ 2,208 photos",Óóî,Ó†∏,2 years ago,Is there a tambourine course here?,Translated by Google,„Éª,See original (Indonesian),Ó£ú,Ó†ç,Share,Like,kursus musik uksw
,,,,,,,,,,,,,,
,,,,,,,,,,,,,,
,,,,,,,,,,,,,,
,,,,,,,,,,,,,,
,,,,,,,,,,,,,,
,,,,,,,,,,,,,,
https://lh3.googleusercontent.com/a/ACg8ocI4PsnqD01zbEFaUPFqqu-fVg3N3CT2MH2ZXiAA60rI9Wd_Og=w72-h72-p-rp-mo-ba2-br100,siwi umiarni,Local Guide ¬∑ 7 reviews ¬∑ 2 photos,Óóî,Ó†∏,6 years ago,have qualified and patient teachers,Translated by Google,„Éª,See original (Indonesian),Ó£ú,Ó†ç,Share,Like,kursus musik uksw
https://lh3.googleusercontent.com/a-/ALV-UjVuDBTCuvoL1RflB-Am-gKryfidaN-POdwEAr1MlBjATV_xbJtw=w72-h72-p-rp-mo-ba5-br100,antonius sanusi,Local Guide ¬∑ 211 reviews ¬∑ 217 photos,Óóî,Ó†∏,7 years ago,,,,,,,,,kursus musik uksw
https://lh3.googleusercontent.com/a-/ALV-UjXqgVc-JPEe7G6_lBLev1DmQxgRr4f6HnWvj7VbgdNUdaUywtI=w72-h72-p-rp-mo-br100,AJI JUNIAWAN,4 photos,Óóî,Ó†∏,4 years ago,,,,,Ó£ú,Ó†ç,Share,Like,kursus musik uksw
https://lh3.googleusercontent.com/a-/ALV-UjWoFm-08k9mbn6le8PNlfkiq4P4Tb7o8G8aAaYFfwKvATVMpor8=w72-h72-p-rp-mo-br100,Hosana Wangania-Hadisaputro,,Óóî,Ó†∏,2 years ago,,,,,,,,,kursus musik uksw
https://lh3.googleusercontent.com/a-/ALV-UjUUAPLoVFsYTDDiDjdHf8v2yVszjz9HTgT16onhAiSyka3SKDQC=w72-h72-p-rp-mo-br100,Yayang Oktamaranti,6 reviews,Óóî,Ó†∏,4 years ago,,,,,,,,,kursus musik uksw
https://lh3.googleusercontent.com/a-/ALV-UjVaw-r_XI8xyKLxL6XVqscuuW84AMNDA9b4OmkQOT_wsT4EWxhi=w72-h72-p-rp-mo-br100,Cit Ana Wijaya,3 reviews,Óóî,Ó†∏,5 years ago,,,,,,,,,kursus musik uksw
https://lh3.googleusercontent.com/a/ACg8ocL9sTZje-rW7CrYzKsktAuBUxih4N-Hb9WWgjYqfDn0Nh-0CwE=w72-h72-p-rp-mo-br100,renci kiel,,Óóî,Ó†∏,6 years ago,,,,,,,,,kursus musik uksw
https://lh3.googleusercontent.com/a/ACg8ocLcsrd37OKtP93zdHeNYPkVgFT16sQRDa2gV6JoBcbJBuAkEA0=w72-h72-p-rp-mo-ba2-br100,benita noffrita,Local Guide ¬∑ 1 review ¬∑ 23 photos,Óóî,Ó†∏,6 years ago,,,,,,,,,kursus musik uksw
https://lh3.googleusercontent.com/a-/ALV-UjXsKz8-OaTut-ytA4Ye6CwI-7F6GzbB-uieQN4CB7Dw8nxwR_2I=w72-h72-p-rp-mo-br100,rohning sulistyani,6 reviews ¬∑ 1 photo,Óóî,Ó†∏,6 years ago,,,,,,,,,kursus musik uksw
https://lh3.googleusercontent.com/a-/ALV-UjVDCZdeR32HvLjkA_g7NIUzq_2H6fzYzP93meYCmYKtpOTA9v7T=w72-h72-p-rp-mo-br100,arinta puspita,2 reviews,Óóî,Ó†∏,6 years ago,,,,,,,,,kursus musik uksw
https://lh3.googleusercontent.com/a-/ALV-UjVV-O_nS4R_GuzqESrJUSqRglf62jvTLV8t2dDffus4aaUEimzy=w72-h72-p-rp-mo-br100,Lidya Meilani,4 reviews,Óóî,Ó†∏,6 years ago,,,,,,,,,kursus musik uksw
https://lh3.googleusercontent.com/a-/ALV-UjVrJX2k3Sc_488bHlMmZDSigROZz38DxTgQhlWteXTvyBIoQEGM=w72-h72-p-rp-mo-br100,Holly Humanitari,1 photo,Óóî,Ó†∏,6 years ago,,,,,,,,,kursus musik uksw
https://lh3.googleusercontent.com/a/ACg8ocJnhB319oLEoD-nEYusBUJrFD2PvSfb_-r3R7toCmtzArrEkw=w72-h72-p-rp-mo-br100,Anik Dakwan,,Óóî,Ó†∏,6 years ago,,,,,,,,,kursus musik uksw
https://lh3.googleusercontent.com/a-/ALV-UjVnfFIdY1N_k8Kg3ecBN353oaFhaCCKS8fi2jhwrkB3dAEo8gN6=w72-h72-p-rp-mo-br100,ABRT 20,5 photos,Óóî,Ó†∏,6 years ago,,,,,,,,,kursus musik uksw
https://lh3.googleusercontent.com/a-/ALV-UjUNMqD-Q49wJn-kYTp7r-rn4oq6QCWlNpDGaMX7SrQdAv8GAYgk=w72-h72-p-rp-mo-br100,Julietta Andra,1 review,Óóî,Ó†∏,6 years ago,,,,,,,,,kursus musik uksw
https://lh3.googleusercontent.com/a-/ALV-UjVFfHteyLR_DO7wjLD_Ya6x7HeoKZnFsdzAsOeMrv4ihpbw27b_=w72-h72-p-rp-mo-br100,Ria,3 reviews,Óóî,Ó†∏,6 years ago,,,,,,,,,kursus musik uksw
https://maps.app.goo.gl/3Q6wAjtmEnbrkpxq7,Satrio Lelono,103 reviews,,,2 years ago,Christianity,,,,,,,,yptksw uksw
https://maps.app.goo.gl/UwJYN9kwtXzdFNc6A,David Pseudo,681 reviews,,,a year ago,Nice,,,,,,,,yptksw uksw
